,Company,Company,Profitability,Profitability,Profitability,Profitability,Earnings Quality,Earnings Quality,Value,Value,Value,Management Capability,Management Capability,Momentum,Momentum,Momentum,Momentum,Forward Returns,Forward Returns,Forward Returns,Forward Returns,Forward Returns,Forward Returns
,date,Ticker,RoE,CFO2A,EPSg,EBITDA/EV,Accruals,CFOg,B/P,E/P,CGO/P,exFINg,CapXg,P3m,P6m,P9m,P12m,Date,1m,3m,6m,9m,12m
0,2020-08,COST,0.07596805950557865,0.07635538915688675,2.9191974597560555,0.015288553170232883,-0.05135358917128663,6.814692118123048,0.11835840836534445,0.008991458609684063,0.027459875753981133,0.9936018957883266,1.1366126148354714,1.1227011091702972,1.0843153041406772,1.1701724966046958,1.2008226218593514,2020-08,-0.020675987792937445,-0.04896889625829681,,,
1,2020-05,COST,0.04987501487918105,0.03668908992499806,1.8222648904832779,0.011628004388314185,-0.020490218820072674,4.869561279974214,0.12224448765982725,0.006096945640931747,0.013809072585308418,1.0239408241465158,1.207700520040831,0.9658094173809197,1.0422831927809184,1.069583535681004,1.294076226088977,2020-05,0.017347828916598695,-0.1146294376573016,-0.15798505687481113,,
2,2020-02,COST,0.056037077163837726,0.012689106637694231,2.146927272294632,0.01201762284022958,0.006395801730146368,3.146896510545642,0.1167775090586724,0.006543870286121586,0.00435086542116999,0.9534667698846458,0.8036294196558234,1.0791810206276307,1.107447821933129,1.3398877695749236,1.4901020445627589,2020-02,-0.016067976778097903,-0.09258913240961353,-0.19660512988562373,-0.23594648993470246,
3,2019-11,COST,0.05321228169724482,0.04087029223619996,1.8669675914398383,0.011326255970208277,-0.024459956057630614,2.9301083603990286,0.12032499946673443,0.006402767766844704,0.015946229675245935,1.0411819089645589,0.6255265674011377,1.026192826564962,1.2415783302004986,1.3807711737704063,1.376109543510039,2019-11,0.020039440560992938,0.0664081028863297,-0.03232969815449738,-0.14325320069271863,-0.18520714582762476
4,2019-09,COST,0.07196746047366004,0.050506607929515425,2.2571997030178768,0.015625952908374402,-0.02634361233480177,3.8151307675776858,0.11874050478501613,0.00854545258473809,0.017862099158436135,0.993040189469761,1.4469847388294526,1.209887945091674,1.345527992426478,1.3409853468927222,1.2569401964176634,2019-09,-0.0302918531997175,-0.021892411854283367,0.006139491257749707,-0.05601185781775564,-0.1954583022977473
5,2019-05,COST,0.06254314510561923,0.04811208630462609,2.224668327441308,0.01501340660141724,-0.027404461510330966,-7.301162308011622,0.13676190479986575,0.008553519656818885,0.01987324379426463,0.9892032771586817,1.1198681245975846,1.1121095948472537,1.1083549946363958,1.0388897595987074,1.2477631677059766,2019-05,-0.09583477407663366,-0.18939229641139055,-0.20652911349394265,-0.15383621722554108,-0.23218178774906484
6,2019-02,COST,0.06415067109250974,-0.00511694198462581,2.4273629637915457,0.017594690387913784,0.02588845533774154,-2.553990530907823,0.14560093239639896,0.009340397524924134,-0.002300952821100546,0.9667292230509815,0.8231794559276288,0.9966238936987378,0.9341613132484456,1.121978601288261,1.1716671685410267,2019-02,-0.09907168279550316,-0.0894448876927294,-0.26189701142173505,-0.27750102782492736,-0.22952124174545763
7,2018-11,COST,0.0582516898306372,0.04968731455699091,1.9278379615494625,0.013841762648406081,-0.03218149449947505,3.2655937896531904,0.13774549653663132,0.00802390793981896,0.02277450793348875,1.0188631450441918,0.644206967884902,0.9373258248721322,1.1257793520525567,1.1756362414638248,1.2847029617248253,2018-11,0.13264713609327705,0.05482095949750665,-0.039527382760684904,-0.22143349737989726,-0.23789294093432756
8,2018-09,COST,0.08149074146417687,0.03806024981631152,2.5255959376133483,0.01881839652093466,-0.012515307372030361,-7.6096957476295035,0.12571656749110377,0.010244736299181283,0.015263969519585538,0.9900954536103975,1.7509699378913188,1.2010544489224255,1.2542450130659768,1.3706044660618217,1.4910264219682252,2018-09,0.02733670710836411,0.15027740916348842,-0.03488970668944824,-0.11805653359735391,-0.1928499464671476
9,2018-05,COST,0.06176397924730297,0.05314985481631108,2.1389046675402303,0.016678216526815334,-0.0342128519126373,21.754965652863973,0.1432534753938438,0.008847904681329394,0.02483311913893117,0.9958275125946984,1.1253477996793135,1.0442865551942906,1.1411676358982017,1.2414311635129947,1.1513476161716343,2018-05,-0.05415066585828865,-0.1521314314936849,-0.1474657140117004,-0.10072896644929996,-0.18116416305056704
10,2018-02,COST,0.059639271737280924,0.0028163191483864306,2.450919907031148,0.01603232119813848,0.015295971888484096,0.4132325765630004,0.14480532909433078,0.008636084370863186,0.0013428433615179564,0.9688694085948909,0.6303168028192181,1.092772505996581,1.188784014634781,1.102520769270485,1.1516162267953707,2018-02,0.01040436879434048,-0.039595859531207145,-0.1857035162331867,-0.18122254184523112,-0.13633637597425696
11,2017-11,COST,0.0577721610398989,0.050942150439331604,1.87230022602393,0.01731622351066229,-0.03468942048859769,4.285497729387076,0.14947675424696982,0.008635595118077332,0.027067193448223635,1.0216158181780741,0.9716085123673119,1.0878604724325858,1.0089206703320324,1.0538480978208047,1.2020091409116593,2017-11,-0.012011889133743514,-0.036750260976025295,-0.07489096233589054,-0.21562912452347682,-0.21131282711370547
12,2017-09,COST,0.08526628316941919,0.05045808457369246,2.486935420163919,0.02702405376605606,-0.025174017112829117,-7.926056691890481,0.15784833105764506,0.013459140493781392,0.02685969930967907,0.9740533927077761,1.4141749433699249,0.9274357290287103,0.9687346167328561,1.1049295119840357,1.0217483469814432,2017-09,0.019927851866365698,-0.1199016438254461,-0.1330109612974868,-0.22053902294357886,-0.3082067668729159
13,2017-05,COST,0.07072135785007072,0.04507311049367125,2.6436269706956446,0.018121099522190934,-0.025427296455333846,5.428265274412011,0.1347462747657983,0.009529439516675975,0.021863256948259455,1.1096281928335707,1.0464822570886472,1.044530188358602,1.1913812217922766,1.1016918100098485,1.2190661458664962,2017-05,0.08121631686207542,0.10322120993597328,-0.06540261210805887,-0.09974931002059928,-0.13539550988389593
14,2017-02,COST,0.04139871382636656,0.013836654504630926,1.8903164003332507,0.016755367991151165,0.0006174571989896183,1.3475521821832284,0.17689301918731418,0.00732314347921759,0.0070103101655422774,0.968161249652972,0.793197787858807,1.1405905114762067,1.054724719580457,1.167095177768068,1.166465144755639,2017-02,0.05375448925719306,-0.02065024025612705,0.08043942689514028,-0.08470227271077624,-0.11833970305941799
15,2016-11,COST,0.04551908460703249,0.07645352020146721,1.8350315575524174,0.019116668120706982,-0.06153509252162488,-10.606666964979983,0.19418829608504037,0.008839273479190429,0.04529924922454838,1.0573969016292732,0.7131789326607444,0.9247181253641868,1.0232376703340778,1.0226852959226742,0.9354909937638841,2016-11,-0.06533380205566752,-0.1553822238468182,-0.17282378384897712,-0.08744165398760839,-0.22692326905891436
16,2016-08,COST,0.06449209371636724,-0.005096040768326145,2.4496092712011137,0.02408023125680201,0.028586074842444888,-0.4560185671422582,0.18115921080880654,0.01168333680106468,-0.002534639177637909,0.9627769953820244,1.8810771851100552,1.1065400820721345,1.1059427385181884,1.0116498942804375,1.1837309425887776,2016-08,0.05996653558502385,0.07691342445804117,-0.09041977832474168,-0.10920282843455709,-0.01725366657802918
17,2016-05,COST,0.047370708387657535,0.0548814690166209,2.0614234988938356,0.019428796126068053,-0.0387919581967939,5.110452519663776,0.19093397397133302,0.00904467760229261,0.030851478280113698,0.9999710963400066,0.7063936786503431,0.9994601699806231,0.9142460455530872,1.0697587568378848,1.041322635271595,2016-05,-0.05266163457585682,-0.0821766116287046,-0.01158367178138553,-0.16516599894650053,-0.182405521642239
18,2016-02,COST,0.04963636363636364,0.02442262566382611,2.05003565807594,0.018612588049336472,-0.007564530072866494,2.963624890881131,0.18204178509684607,0.009035892242079815,0.013090459273782296,0.9515387269438536,0.9552628919801949,0.9147398495838128,1.0703365566419967,1.0418850761124212,1.021650427538214,2016-02,-0.050486361312212624,0.0027772003817518875,-0.07962763216413904,-0.008838641577326944,-0.16284749764007522
19,2015-11,COST,0.04424778761061947,0.022876646639022873,1.5985893873888875,0.01611888534878863,-0.009336831119009332,2.371566908075263,0.16459224002209613,0.007282842478853812,0.01230496927156342,1.0229376601808533,0.8272166761189576,1.1700994081858105,1.138996050720275,1.1168753914055927,1.2206022155940974,2015-11,-0.0030721371427530064,0.0731443003181409,0.07612463707865924,-0.012307639286634475,0.06365916248687742
20,2015-08,COST,0.07224262974474899,0.03113547566405186,2.584380483024737,0.027121721262665082,-0.007905018626768037,3.8832875175925694,0.18763727603292105,0.013555410258759584,0.018168137869628228,0.9920354432513206,1.939564783333023,0.9734181922937984,0.9545132521152716,1.043161125503507,1.2028019508373176,2015-08,-0.03392107696633606,-0.13476623673333754,-0.07147931850756561,-0.06890063051646023,-0.1454152217902409
21,2015-05,COST,0.0487390195522811,0.03669642590546714,1.9537853450896931,0.018811307307192382,-0.02128930160341584,3.10143298900116,0.18213343310352892,0.008877004957156976,0.021143099016174272,0.982240894643739,0.690147367656865,0.9805788094693623,1.0716474520014505,1.235647700402014,1.2970737850603096,2015-05,0.055753005122390675,0.018136313891960798,-0.11907408561281074,-0.05463937597284141,-0.05201392008689998
22,2015-02,COST,0.058592984518910436,0.026785714285714298,2.4945002885169316,0.020054860244893814,-0.00898809523809525,4.187804004655188,0.1721689490962208,0.010087892569031946,0.015182447010248748,1.082919980677631,1.135947876447877,1.0928723338222757,1.26012074549182,1.3227634255753677,1.3359497378769984,2015-02,-0.06332248955860198,-0.007507791070577308,0.010492359165892307,-0.12568789332668706,-0.06173694602438784
23,2014-11,COST,0.040132696820131084,0.032588911680582436,1.878680057388809,0.019742775922742373,-0.01825903562245399,3.564538880128552,0.2283670730239369,0.009164986505370395,0.020842953181568154,1.0246789302892452,0.9338999614329692,1.153035635081547,1.2103549377529372,1.222420676717627,1.129660588480601,2014-11,1.3053176856958615e-05,-0.035439235139238745,-0.042680955836689516,-0.025318717156991855,-0.1566728456601657
24,2014-08,COST,0.05665284889864261,0.025496608527131776,2.6065664575520966,0.030977868525026552,-0.004390746124031005,3.214084831339485,0.26212226191054433,0.01484997289698849,0.01793927859291866,0.9825846546305038,1.3863069282945735,1.0497116489095641,1.06017597333943,0.9797273857895182,1.0979077879996608,2014-08,-0.03383338343260667,-0.14804393617350742,-0.17823660744775482,-0.18440623530848588,-0.16961437078371455
25,2014-05,COST,0.04002030628648786,0.045564355830096936,2.0474469863417433,0.022240629898938442,-0.031099966361884956,4.570091379782791,0.26373160354915665,0.010554619551463836,0.03324816729742308,1.0052974315818812,0.8745930434572021,1.0099687608885126,0.9333300119201827,1.0459136936702211,1.0703913286381799,2014-05,0.00439229346465142,-0.04760274215152427,-0.18859938100426754,-0.2173547983329811,-0.22323073498948698
26,2014-02,COST,0.040208423795049936,0.02258759424697459,1.927655630341572,0.02224876965716955,-0.007919913831337513,3.674207964900245,0.2595095388708859,0.010434469517778567,0.016068632324354463,0.9730454167695151,0.7973224509853916,0.9241177035011384,1.0355901431546122,1.0598261749170448,1.1441761907209722,2014-02,0.043025538153273146,0.004008851495537646,-0.04378472298005254,-0.18534659641932638,-0.21421728994580302
27,2013-11,COST,0.03787541217360307,0.029054116773415017,1.703517299540629,0.018902250573744516,-0.01590395742442526,3.9340945401331124,0.23422308297309194,0.008871295808177887,0.019600345326774203,1.0163953378956614,0.7639768789257095,1.1206258025694629,1.1468519333649354,1.2381282020527409,1.407137756890441,2013-11,0.05118851988466355,0.07116839571532907,0.07546255074046515,0.02426758424394615,-0.12736902062245725
28,2013-09,COST,0.05695559863380412,0.018591288841924514,2.4119669358975138,0.02969527185292919,0.0017831786811082113,1.786878740259854,0.25340051420023924,0.014432577980388403,0.013169435012898979,0.9865920933479017,1.5999093565984726,1.0234031116679083,1.1048542691180754,1.255671387954873,1.2350406123066593,2013-09,-0.02398324431664045,-0.03479730842270501,0.025865932361626154,-0.008171510256915981,-0.09133589799718123
29,2013-05,COST,0.04383116883116883,0.04495767513164033,2.0209460544881392,0.02317754636744761,-0.029660734519762706,6.098117875602156,0.2512573617063358,0.01101290384102446,0.03236690039551633,0.9978937728464915,0.9289573587114079,1.0795885380076877,1.2269567813883442,1.2067977888926205,1.4333283790792972,2013-05,-0.011260613851994727,-0.022750402309804407,-0.1306601253146077,-0.06879060110188306,-0.0650575209104517
30,2013-02,COST,0.05409414556962025,0.014541579291140984,2.697085017615633,0.024990211739447023,0.0042627797449207565,1.6958025228360156,0.2625248388686301,0.014201056849400777,0.010981804474033874,1.1483765315054137,0.9398773492768661,1.1365040829838888,1.1178312351478734,1.3276617235344255,1.316265082885389,2013-02,-0.0479654115988708,-0.07853339358824152,-0.09949712959915913,-0.19893233585522818,-0.14192163533861868
31,2012-11,COST,0.032846427161468614,0.037581420727756366,2.029848126413717,0.027703350983914708,-0.023394604917641438,4.699783150868312,0.37453955514755605,0.01230228621724306,0.03258922935433136,1.0432280400040135,0.7787414140012486,0.9835699245470463,1.1681979355926755,1.158170131188212,1.1983285287350243,2012-11,0.049542808886528844,-0.044573161875420486,-0.1196060737986272,-0.1396353898108167,-0.23463845452231802
32,2012-09,COST,0.04619367365099911,0.02689756816507001,2.6935764649375304,0.03819072901641961,-0.005858511422254978,2.6445866960250486,0.36036429369592565,0.01664655057846239,0.021281929811344205,0.9939023387910296,2.219679054983007,1.1877121355969216,1.177516821411119,1.2183460462019298,1.2768045363466949,2012-09,0.017576239981281327,0.01156881610606919,-0.1233112390082165,-0.16101509391869717,-0.19661448287669447
33,2012-05,COST,0.030671434247119583,0.03890645207644777,2.184622454166758,0.03227807100638176,-0.025039517172007482,4.541319529101764,0.4347725840900098,0.013335098725367008,0.037414279584384626,0.986513287587661,0.9165085068202237,0.9914160057136414,1.0257923697896814,1.0750117794367717,1.0336153949855937,2012-05,-0.09363086299689638,-0.12020962276599911,-0.17380767586620216,-0.2106336800700479,-0.27262529595840856
34,2012-02,COST,0.032210595160235445,0.02108247610046891,2.3765546042468513,0.03226694269858753,-0.0067609319908400346,2.6247729999099114,0.4189501295390581,0.013494633014910797,0.019865195808751936,0.9663125989119731,0.8576644613821579,1.0346740055414934,1.0843195724512802,1.042564764971266,1.136682151146296,2012-02,-0.054892619674815846,-0.00664708392960256,-0.1260576632439303,-0.17929944558671296,-0.21588066424982377
35,2011-11,COST,0.026870434125451342,0.02371089844307956,1.7035140591625948,0.03067796163146426,-0.012283959434366519,2.51200898899865,0.4210711960713128,0.011314365836159215,0.02347730911003037,1.0421166082775488,0.6944394596171491,1.0479818441788387,1.0076263242214565,1.0985896476169967,1.222809627442625,2011-11,0.020844498150299984,-0.011657637644842844,-0.018227232278599348,-0.13624576632831975,-0.1888668752649847
36,2011-08,COST,0.039826695550741545,0.035163110496618195,2.5817901234567904,0.04326501622491219,-0.017301296663054428,4.414419631532859,0.4407144865311968,0.017552201679879365,0.03455360205181272,0.9910380358042482,1.7113554326748983,0.9614921573483906,1.0482907253777975,1.1668232939672492,1.4042088008443243,2011-08,-0.0467379932648232,-0.08216393633412866,-0.09286373658171432,-0.0988935474602417,-0.2072152141920538
37,2011-05,COST,0.027083507481400985,0.030065989471342775,1.9973000383750894,0.029031292312127754,-0.018054422777489434,3.289826247967613,0.4223665854711656,0.011439168577502105,0.02863322751961175,1.0125892907211906,1.1326272402864674,1.0902748580589368,1.2135546660984964,1.4604474827094382,1.4288094859464555,2011-05,0.012300264948674311,0.04710066076678121,-0.03893325125988467,-0.05013701916920421,-0.056450838124408986
38,2011-02,COST,0.030044030044030043,0.028231451236584236,2.284737688457387,0.03132332729203206,-0.014699020065328987,3.0397579183158214,0.44687467932604036,0.013425916291587849,0.028009239160036715,0.9642086141980187,0.7744297438994265,1.1130722286479575,1.339522297441157,1.3105039297065206,1.2467308319252346,2011-02,0.017253524265204767,-0.09571982898899534,-0.05312763541607912,-0.1309263960962983,-0.1410577412573053
39,2010-11,COST,0.027859630324136082,0.027646584494873866,1.9107064713939044,0.03243901243540518,-0.015666397880428527,-45.86288222359276,0.483094863318189,0.013458844303533795,0.031058871469693376,1.0452859718865006,0.6808307765007399,1.2034459785851157,1.177375462236069,1.1200807996437316,1.1253778634125455,2010-11,-0.06370310231127707,-0.09600228910669517,-0.18253279539984557,-0.14402954990800476,-0.21435945147325897
40,2010-08,COST,0.03989288022901468,0.025656099097207632,2.5743604567133977,0.052270480320910875,-0.007516271257610743,3.2480414692155457,0.5583721491953881,0.022275073271069142,0.031504791131072324,1.0005223856478462,2.9887657577887508,0.978336778872536,0.9307279425708862,0.93512952258617,1.114433839269085,2010-08,-0.12707128646601906,-0.170034885798377,-0.24971343664043255,-0.3215307381779513,-0.2895743876361826
41,2010-05,COST,0.0281405186683833,0.03385078873593037,2.452249419834823,0.04089933283836502,-0.021046905728273148,3.385001811340302,0.5436483316625588,0.015298546026185673,0.04044615599733402,1.0015347224853735,0.6990792642699513,0.951336965623928,0.9558360094198245,1.1391106450617048,1.271421208056749,2010-05,0.05873692020743926,0.027443798821354726,-0.14725749017548506,-0.22912272313722704,-0.30291096425003405
42,2010-02,COST,0.028072481457140176,0.026063511084481725,2.3504854987993697,0.03430714609480097,-0.013267140289309252,2.5606380946643545,0.5077196578836123,0.014252950681363263,0.029030257407860284,0.9728125085399741,0.6195690250901135,1.0047291800470992,1.1973787272258751,1.3364572743401137,1.4602067834685237,2010-02,0.017974384747458272,0.04348958658046276,0.07212690486675544,-0.11017207096363069,-0.19559758906219205
43,2009-11,COST,0.02571290478492025,0.031987392452508735,1.7087506845271612,0.032378277589421724,-0.020657636936706705,-45.927507242285536,0.4976919505723818,0.012797105737288888,0.036130174468811865,1.0283979317477026,0.8300733348826109,1.1917427611386235,1.3301666766336615,1.4533337067010166,1.2424260156719635,2009-11,0.012506474700588965,-0.017385916026938397,0.02534756425319018,0.053486996528520736,-0.12564254461628155
44,2009-08,COST,0.03731045490822027,0.024978388461713456,2.7168442947337423,0.0554157309591763,-0.00796214568451704,3.0612915347887495,0.5786173393768598,0.021588476149934716,0.031690035845759794,0.9794479250060154,1.5139777430346828,1.1161525121098987,1.2195028609298721,1.0425286867150054,0.7575626378341601,2009-08,-0.0991054547929836,-0.15477046494036117,-0.16946555466039626,-0.13334595499174295,-0.10956167573282305
45,2009-05,COST,0.022168267708223367,0.032529102515959446,1.5953791156010857,0.036754088169616124,-0.02267179872324446,2.4001218155529576,0.6130996344831103,0.01359135682903549,0.0448514775358171,0.9914016223172046,0.7431928149516397,1.092595185423726,0.9340378446528603,0.6787268134191763,0.6317263686604111,2009-05,0.05578446146210059,-0.05190634741836053,-0.19864324283542611,-0.21257556412310907,-0.17833080094346898
46,2009-02,COST,0.02620326718561561,0.04171288035877899,1.6477493244838257,0.0384208772510349,-0.03018758740415682,-53.46472460746957,0.644978529943947,0.016900544749106818,0.061167243548022575,0.9683551065832344,0.7992299754062784,0.8548800663903947,0.6212061177589349,0.5781888636232801,0.6780340747991628,2009-02,-0.08925087146445387,-0.13054576653286698,-0.17567596003957642,-0.303256974965768,-0.31537049069136813
47,2008-11,COST,0.029714156592475425,-0.0007143877696813832,1.6804972222243968,0.03564635693812724,0.013239986664761633,-0.12603570820984286,0.5338440672782732,0.015862726211070592,-0.0009047182249660033,1.0412344620660094,0.8210139949183355,0.7266587936503027,0.6763391572160496,0.7931335651117261,0.7656034586334488,2008-11,-0.022619709468037263,0.21191502407124152,0.05370464828116317,-0.00098931126886026,-0.15560666004416912
48,2008-08,COST,0.04329852045256745,0.021409921671018274,2.428054722300211,0.03974841591284035,-0.002166134803210519,2.051662403637308,0.4001457867965786,0.017325720533620352,0.019275952392681133,0.974474226046033,1.2455669057538694,0.930752043635945,1.0914800344292177,1.0535941563268107,1.1180650250137765,2008-08,0.030247947054676372,0.2996699062740733,0.5750894857468116,0.36946822147213476,0.29838412818999793
49,2008-05,COST,0.03236068451075033,0.04290902230816394,2.2590617896665908,0.026601870989657852,-0.028995896807055603,6.00989331202712,0.3701909451067416,0.01197963238333576,0.03694599844867417,1.005251861976278,1.0560969918059495,1.1726861540538716,1.131981566444902,1.2012490680612433,1.3562650205560502,2008-05,0.014624128081623944,0.06122496977580494,0.3792421570042268,0.6715242919058484,0.4533138719406917
50,2008-02,COST,0.03666443103062821,0.02817746383472834,2.6223133894183817,0.03164134675577235,-0.012308287773961004,4.685620280027865,0.42410743068834916,0.015549657642049913,0.027610123813200826,0.9730426718189644,0.7948280143612629,0.9652894446922073,1.024356827194243,1.1565456075929292,1.088410881904517,2008-02,-0.04909012097593246,-0.13375482594765875,-0.0807189913478672,0.19476186235445314,0.4479498511746982
51,2007-11,COST,0.029901848892946812,0.012902304322986101,1.8690544201867578,0.026659144085765443,-0.0004284898114644848,3.201535280932542,0.40006719960074016,0.011962748949485723,0.012373683073704697,1.040496277439764,0.819804323751532,1.0611913688964763,1.198133486232936,1.127548724260181,1.2336852207293665,2007-11,-0.03595395312177363,0.08610850873571296,-0.05916374581050354,-0.0015610745837699724,0.2976410246160981
52,2007-09,COST,0.04314043836251885,0.02720456979650126,2.7897307017198907,0.03951848309043037,-0.008231753965420523,2.556950446956534,0.41502122718306733,0.017904197670428047,0.025672309240339572,0.9898118079961946,2.1872468914928236,1.1290456380915201,1.062530997997759,1.1625473565736453,1.2906586265179871,2007-09,-0.0875707274735058,-0.1222035982048062,-0.059608719698997614,-0.13080894537227417,-0.06338894369208481
53,2007-05,COST,0.02641197971937272,0.04236359914013717,1.9313579026185024,0.02889267187779786,-0.030898761388064282,7.337535224709477,0.45378692978068613,0.011985411186283898,0.044287164459317754,1.110229451248655,0.7621264661837958,0.9410877312221018,1.0296725990091549,1.1431412362565336,0.971865218628474,2007-05,-0.03503086415717627,-0.08771039535525538,-0.16418617436884275,-0.09221549226305248,-0.213636051093389
54,2007-02,COST,0.0283340919435594,0.0177629009762901,1.941909997289744,0.027975673711206125,-0.0038716875871687585,1.6104310942250621,0.43676511833531617,0.01237534302065245,0.015824535011147552,0.9940453408256927,0.7210906067232584,1.0941302971530786,1.2147020924096459,1.0327041639002184,1.1743014379740555,2007-02,0.03566480599771249,-0.015208913216244735,-0.10158532878037962,-0.1768979943078045,-0.10602190806027523
55,2006-11,COST,0.02641551493535444,0.022128699429812656,1.8136884183232496,0.029802909879159824,-0.009258756448547383,12.883689380711573,0.48162866846228486,0.012722469285060354,0.021875131787603776,1.074142072720993,0.8059695285123,1.1101987538141431,0.9438584843023808,1.0732738514138416,1.0912460487826274,2006-11,-0.013233755657047541,-0.06655325133331969,-0.08074996192577699,-0.16137774619560075,-0.2316781089655967
56,2006-09,COST,0.03893689161106858,0.034444126893398125,2.598176457730867,0.04623974482156105,-0.014095455844527014,4.63998028501946,0.5379972202319718,0.02094793945122848,0.03545850649806259,1.0255120510622087,1.8125405611714285,0.8501707293939107,0.9667402775643151,0.9829285477339956,1.121175543491857,2006-09,-0.06931403041490136,-0.06266631280979651,-0.08169128348159149,-0.15738920182919502,-0.19845643813290004
57,2006-05,COST,0.025543890031388683,0.01571974080074057,1.9195571664959419,0.026835488073444852,-0.0020654940985882914,1.6707835533039113,0.4471000199377864,0.011420673742322503,0.013148292609275521,0.9859092648496959,1.0253577501727584,1.1371131046272402,1.1561543037769935,1.318765166487379,1.324252101526413,2006-05,-0.07564053702136153,0.1257794579414533,0.0071743434237625525,-0.05985638379059033,-0.07415494646032572
58,2006-02,COST,0.03264945951908228,0.047933162552398705,2.376396163526291,0.03577475118426764,-0.030699813693525858,8.75212306465629,0.5071636785685888,0.016558619992974,0.04605645891964693,0.9870435498385223,0.9200286193469448,1.016745211247913,1.1597484552072648,1.1645737755880663,1.088176352705411,2006-02,-0.057043601037860214,-0.035131002323906646,0.08622969718830586,-0.028208700775636864,-0.09288457135644912
59,2005-11,COST,0.023822653578912542,0.007686112069957427,1.740789932455991,0.028468980880134352,0.0047405361868599685,3.4495277528003974,0.511468567111699,0.012184538490804784,0.007536362696164442,1.0241533707301134,0.7010303127494462,1.1406480624421484,1.1453939125601726,1.0702547114727259,1.020144983471213,2005-11,0.0073450513608455115,-0.026502218419301116,-0.060702171246330705,0.05744220049989002,-0.053963326045657345
60,2005-08,COST,0.039972976016214384,0.03115511551155115,2.884927737269896,0.04731252794133028,-0.009852985298529848,3.3526226836084696,0.5656185542349028,0.02260945690275763,0.03306712682792045,0.9897284273881934,1.6777536125067216,1.0041606611840144,0.9382865291344036,0.8943556010493402,1.04867842854332,2005-08,0.004641739144988222,-0.13333283475537117,-0.15630143726552093,-0.18594141343362258,-0.08354956568271799
61,2005-05,COST,0.02369400880063184,0.02915623882731497,1.7146956840836074,0.03286849179300407,-0.016642831605291376,4.9776663561823025,0.5622403670504054,0.013321728204962784,0.031039626717563277,0.9909172716783518,1.0799515537961177,0.9343988122658201,0.8906499085463058,1.044333311471109,1.2012470436465277,2005-05,0.011756242942120299,0.042761784740287245,-0.09627259999370541,-0.12022338094017948,-0.15113081538888873
62,2005-02,COST,0.035403366221706326,0.04375949905769348,2.8752898099186996,0.035319278552940384,-0.02521733844002675,18.62701139413921,0.5116901813894474,0.018115554883781946,0.0427527095257254,0.9531007148481115,0.9376106138494658,0.9531796240050564,1.1176526529809143,1.2855828024156284,1.2432813987677243,2005-02,0.05227544956837038,0.024449895454620618,0.06825720136126079,-0.07417655954407543,-0.09871293458074715
63,2004-11,COST,0.02350791717417783,0.002711761121267519,1.8285651332686097,0.02739548333663076,0.009049360146252286,0.30456365941753527,0.46955643708628353,0.011038293831626399,0.002545098836825775,1.0098957257240888,0.7456143269951723,1.1725519774381845,1.348730889791669,1.3043516326374271,1.4012046445828221,2004-11,0.0018559732776126658,0.04099310521240551,0.0664452778038298,0.11204838121057303,-0.03622418184135434
64,2004-08,COST,0.03895081967213115,0.03165043397601539,2.713097298596681,0.04896919643923131,-0.011972437553832923,5.334533569612491,0.5155653402156517,0.020081692595940795,0.032299745969969436,0.9768318410635006,2.206063439048851,1.1502525395406382,1.112404104666815,1.1950042911054592,1.2678679827369717,2004-08,-0.008190639206387074,-0.15288080566143503,-0.11815475940046594,-0.09659373546065253,-0.05796247124339404
65,2004-05,COST,0.027592900721020518,0.023667464933287707,2.160816987498216,0.03698130048670146,-0.010051317139924722,3.8891345548208793,0.564400623207224,0.015573450363039037,0.027069630555654284,1.0091810464304343,1.0262554461572522,0.9670955433065695,1.0389060228310323,1.1022518439675029,1.008774700248477,2004-05,-0.08211011759497688,-0.08412565139820216,-0.22414525969708698,-0.19234056469830607,-0.17259337594224167
66,2004-02,COST,0.031917885264341965,0.039882328220214334,2.652352833888104,0.03729941356575006,-0.023982629403936404,3.3880935809623365,0.538260978378332,0.017180152150152048,0.0430941790057118,0.9559418216662282,0.49155070590358624,1.074253759125947,1.1397548583450443,1.0430972484884,1.2654156857314316,2004-02,0.03323579173210511,0.025329584506578184,-0.06092693468788579,-0.2044931814877552,-0.17188288677929664
67,2003-11,COST,0.02351212343864805,0.04909255898366607,1.76306337288168,0.03057597305999903,-0.03792405416724837,7.10294930647205,0.5555740610839189,0.013062725903516093,0.057418844549642925,1.043631567988368,1.0109702403926806,1.0609735815794508,0.9709970662212092,1.1779485759128467,1.0994687474417584,2003-11,-0.0365792761614494,-0.0782299644543808,-0.054881912443396574,-0.1343905872073189,-0.2667256516231856
68,2003-08,COST,0.036460717009916085,0.032671315949060045,2.5143103059221477,0.04653967231300332,-0.014554275318374783,6.65158311195904,0.5677943903473395,0.02070219058627218,0.03733323909072514,1.0040641516053055,1.2136075027197848,0.9151943866271437,1.1102525042699534,1.036282869367021,1.0190709833780345,2003-08,0.03531364645402002,-0.09966435601705026,-0.17009758144284837,-0.1490764979997915,-0.2206609918955984
69,2003-05,COST,0.024498886414253896,0.013469322962139853,2.0332423317809543,0.027633225124645458,-0.0012461306452893096,1.4324987933710127,0.49935781361797693,0.012233710355896984,0.013480913294777394,0.982638336910594,0.9389837663310433,1.2131329917370632,1.1323090312934903,1.1135022223352105,0.9049995178864141,2003-05,0.017759707373958378,0.15503841484671566,0.03992225505606317,-0.041430825992292086,-0.017150667093863037
70,2003-02,COST,0.030087617788064142,0.049104755731993875,2.191549219389829,0.03643983472643783,-0.034359556023657166,5.640532929444351,0.5829475365527572,0.01753950267029291,0.0584103987278271,0.9748325214696588,0.5815847468077541,0.9333758450276398,0.9178731680034575,0.7460019009049961,0.6597412564411798,2003-02,0.0163170195862965,-0.18067125165485132,-0.053643821273075876,-0.14796180038865125,-0.21461671845802166
71,2002-11,COST,0.025017135023989032,0.024552513281569273,1.709480784022043,0.028259564856067534,-0.012619534123416432,5.669660962988824,0.5249497432131334,0.013132738606771329,0.027021059434754153,1.0257002968500901,0.9706490965877329,0.9833907454250401,0.7992513464743722,0.7068334368794844,0.746265345363112,2002-11,0.15110527101833005,0.058322836680359647,-0.13288567487759362,0.0015503555802638402,-0.09826851562729078
72,2002-09,COST,0.04337899543378995,0.014449225473321864,3.1944605362393297,0.0436855843077449,0.006807228915662645,1.5483178246254405,0.5036699307114174,0.021848695624467878,0.014851805649182828,0.9906408997951329,1.1241470595944325,0.812750526881276,0.7187716990096115,0.7588696038018559,0.8632484884839484,2002-09,-0.045977017736480774,0.15359972486896378,0.07792232609547645,-0.11557356362669469,0.03916576153849349
73,2002-05,COST,0.02403846153846154,0.024955148905633294,1.9013529073114566,0.021210179109513665,-0.013293864370290632,3.3038812717204062,0.38798664774944797,0.00932660210936173,0.019958928514034097,0.9912761409309423,1.0710006969810133,0.8843694039396265,0.9337054590586676,1.0621321794726426,1.1077254070219875,2002-05,0.016831072018500315,0.1753964883529453,0.21578913182537107,0.28669740279857847,0.05422817253391288
74,2002-02,COST,0.036874283530760416,0.031903756084121604,2.5543737324351734,0.024919209555096935,-0.0141794471484985,4.6843241630481085,0.3320836734113788,0.012245347529307622,0.02204162555275372,0.9448498060574145,0.7104520528148387,1.0557867050796448,1.201005117025907,1.2525596228084899,1.0250394118657031,2002-02,0.03616278226526415,0.05067470982239075,0.23495936432648779,0.277398893285838,0.3519004203146201
75,2001-11,COST,0.02598440935438737,0.02022684310018904,1.675765857727727,0.019578374087048257,-0.008524619677738775,3.6442512382435166,0.3372433201184912,0.008763068481991577,0.015146626830026981,1.0650878285656682,0.5993205205152662,1.137545217464457,1.1863756351374033,0.9708773627608598,1.1676985518564547,2001-11,-0.07886428819784885,-0.009209676610545059,0.040998335522048235,0.22358578795387674,0.2656344625760072
76,2001-09,COST,0.039115297972557854,0.027651139742319118,2.7584449093444907,0.030169804457159832,-0.008721506442021791,2.4000435545230747,0.3736446162065287,0.014615220498760392,0.021348934655257317,1.0042161090724027,1.7811929435084235,1.0429261333292643,0.8534846332745408,1.0265073721282116,1.0406911016287859,2001-09,-0.06000533290432586,-0.1987380584549241,-0.10698112073759947,-0.07923301464673305,0.09854812166284588
77,2001-05,COST,0.022556390977443608,0.032664995822890563,1.472488783649053,0.018482395475472205,-0.02170008354218881,4.210713801182231,0.3730492609024629,0.008414644982762318,0.025067628101029082,0.9876724176663522,0.7133443938484714,0.8183557837888461,0.9842570238904262,0.9978569606906449,0.761212839230854,2001-05,-0.05282404461266976,0.040096411409387134,-0.048190023163190876,-0.05695588524454831,-0.009167398379602454
78,2001-02,COST,0.03881578947368421,0.03394698085419735,2.335294389820706,0.022826215416378245,-0.015327161792552078,5.8657592205919435,0.29968626594034375,0.01163255900689492,0.02120806096906775,0.9540057090345924,0.9157181263347316,1.2027250780015093,1.2193436894534297,0.9301734701581382,0.8694595988383137,2001-02,0.06369452424789879,0.07298914922304545,0.11601216358810085,0.021281777268134405,0.01187610237125214
79,2000-11,COST,0.030043910330483013,0.012408068922042445,1.6556258790435998,0.021313604229840116,0.001250262660222736,1.474253319607192,0.3427445261196121,0.01029738580900152,0.009354778954177537,1.071660738539813,0.7035060561254292,1.0138174648187552,0.773388272325499,0.7229080150910621,0.8860401135074535,2000-11,-0.18309870016467433,-0.21856294900592765,-0.16152652348250474,-0.1279067460122002,-0.20193257973760403
80,2000-09,COST,0.04716981132075472,0.05669446374797312,2.99143708116158,0.03226934489986223,-0.03353022932592077,6.639747988305871,0.3404938384508031,0.016061030115603923,0.03930937120794061,1.0198268520190452,2.090353302400555,0.7628476517355727,0.7130553972260674,0.8739641446854094,0.9515204856281873,2000-09,-0.04607490944332315,-0.12519569242029016,-0.10987243899319621,-0.1495254550057732,-0.01750576105519286
81,2000-05,COST,0.029211295034079845,0.02102951939497438,1.7768460711699376,0.014685776067616558,-0.006391802878750911,4.063236522200265,0.24903161075597835,0.007274535854605015,0.010451083177782537,0.9700522239988246,0.7966523411790994,0.9347284423092581,1.145660136328706,1.2473270166898471,1.1712956349611248,2000-05,-0.03219691561158344,-0.07259533124849415,-0.021072812237243443,-0.23503002525675087,-0.1791955176190666
82,2000-02,COST,0.04622809245618492,0.020781943759250125,2.578818639891132,0.01948617540637849,0.0016650222002960041,2.0897335297112773,0.2240227115897925,0.010356142623658176,0.009587967209265948,0.9335578057065695,1.1797736841941966,1.2256609347398677,1.3344271557719056,1.2530865457216906,1.2387491132098944,2000-02,-0.055885441435651995,0.5538167050533997,0.44101686665060424,0.5210734173767171,0.18862312562033767
83,1999-11,COST,0.034836618957601935,0.029097963142580015,-8.252482811306342,0.01788427075371083,-0.013457807953443257,3.4571322523112986,0.2604401455339252,0.009072854111227747,0.016879728579028367,1.0409200329674382,0.8385445790239816,1.0887408727399166,1.0223761810501397,1.010678465878334,1.330322449304738,1999-11,0.004794147740339483,-0.07619694868473981,0.4354206133129541,0.3312157784085836,0.4051722642471416
84,1999-08,COST,0.043318233295583236,0.03962691538974018,2.441677725283399,0.023323334821619357,-0.019240506329113935,4.004164541441294,0.2698871694355929,0.011691035369095614,0.022724927573653825,1.0045667235794637,1.515153190054367,0.9390445482929616,0.9283002881437423,1.2218907938643464,1.6162032429901072,1999-08,0.038195372167929786,-0.18473040874679514,-0.24685146395574442,0.17025477669207678,0.08529974353298297
85,1999-05,COST,0.03148203148203148,0.030795167181792628,1.9148639469112094,0.015111375547101744,-0.01590334363585276,5.514952934025531,0.24159662086763936,0.007605952424107448,0.015728535578908985,0.9701046660849415,0.8606555691856439,0.988558306239304,1.3012064188920065,1.7211145583328458,1.4320406791548554,1999-05,-0.09445779139543053,-0.03010069932276438,-0.2092705935801008,-0.26952176158459273,0.13502928952784
86,1999-02,COST,0.04769375588327581,0.037967607854378665,-9.604593042890915,0.020063354136296598,-0.016181740002866558,4.43056925881775,0.2279883082845457,0.010873618719564155,0.018950142097450943,0.9415342762891344,1.020108160108609,1.3162667398366068,1.7410349470233568,1.4486152916995432,1.7909806944226994,1999-02,-0.12286693305362972,0.10775910615761664,0.07441478238111188,-0.12406229953174985,-0.1908060795453581
87,1998-11,COST,-0.004697986577181208,0.022629187961385577,-0.23312514307593507,0.00826785799235189,-0.024616695059625215,3.4344903083519975,0.2824045316791833,-0.001326732699163948,0.015105799446195235,1.0964405539023163,0.7904361783548017,1.322706784522625,1.1005484282611024,1.360651789047728,1.4228555596136168,1998-11,-0.13073592145379098,-0.21867735107839648,-0.1344827208099032,-0.16053539618946144,-0.3156100355798487
88,1998-08,COST,0.050910316925151716,0.036293929712460066,3.0152433674287815,0.03531440423463528,-0.012172523961661345,5.210014597071586,0.37178351168955803,0.018927616407661246,0.02847916852861349,0.9865399004715133,2.321386319899855,0.8320426273902412,1.0286873893512216,1.0757150233618376,1.2384908724462422,1998-08,-0.006596145240103768,-0.24999997902504556,-0.4140079969205903,-0.35086202245324194,-0.3704015295343642
89,1998-05,COST,0.03008849557522124,0.012640449438202247,1.8625114431566043,0.017467853251395025,0.0014044943820224736,1.4881454710248487,0.29590134219801384,0.008903226225426965,0.008012903602884267,0.9871010786167019,0.8818841032693626,1.2363397685257669,1.2928604712668288,1.4884944973683067,1.7745069229572523,1998-05,-0.08225952642992973,0.2297476752200105,-0.07768921779109061,-0.27937769651557876,-0.20172408121485486
90,1998-02,COST,0.04666666666666667,0.038168198842356144,2.5368396167644773,0.02950152157251456,-0.0167177391896493,3.759821521755203,0.35268104077899354,0.016458448569686365,0.02928558864542605,0.9351573603117107,0.5212843146358745,1.0457161568202713,1.2039526150187772,1.4352906604898792,1.6944472787380367,1998-02,-0.08430901937622182,-0.15550767256366116,0.03851247640597344,-0.22111562091276793,-0.3914399937279054
91,1997-11,COST,0.03813229571984436,0.03446179129005751,3.4785091149470233,0.02423315036661081,-0.018356614626129822,0.7906796741273072,0.35257663692209434,0.013444556583021499,0.028768607300608238,1.0518986345915144,1.0362354331696688,1.151318746646947,1.3725432576792103,1.6203701814174643,1.9125648838413642,1997-11,-0.007002393984882893,-0.09334997934508571,-0.23434101388692674,-0.05843264181613794,-0.293824461612771
92,1997-08,COST,0.047406807131280385,0.040577063550036534,3.0001772445766637,0.03266205750312527,-0.01921110299488679,4.0622666899555515,0.3967320467576688,0.018807799623438915,0.03571874424212075,0.9805840408581641,1.4727525933406036,1.1921487960450121,1.4074036283492848,1.6611949465875013,1.842411775705928,1997-08,-0.04152779594872269,-0.1861779113187888,-0.2621481864877544,-0.3768898047039202,-0.23373168592875926
93,1997-05,COST,0.028534370946822308,0.022875071306332,2.3362583112759143,0.023366260988433578,-0.010325156873930404,3.2628374135373894,0.4638285705645686,0.013235056488223745,0.024123898417171472,0.9802256508696793,0.8746080226321439,1.180560373854662,1.3934459793094311,1.5454545454545454,1.5361595347787411,1997-05,0.0266160645717195,-0.06412460650603935,-0.23836393252139443,-0.30946264368899457,-0.41684650078718266
94,1997-02,COST,0.043322912014292086,0.031942583732057404,4.080403666392977,0.03570706311849465,-0.013377990430622003,8.59508893332341,0.5122318401115553,0.022191374940071847,0.03818289152059786,0.8548249913471149,0.7713293770613645,1.180325894523864,1.3090855662116314,1.301212177538204,1.50000765263174,1997-02,-0.07239787097819916,-0.24074077540551153,-0.2894279744187136,-0.42172078998299845,-0.4757031422937781
95,1996-11,COST,0.01748633879781421,0.014635029885890242,1.1042800207936234,0.015781282239644697,-0.008838978445933713,-2.7578920509752365,0.5537545252789547,0.009683139239850572,0.024449926580622696,1.0478175399677763,0.9627153911115715,1.1090882376512703,1.1024177166452025,1.270841942544041,1.4076968720861236,1996-11,-0.07462690476507283,-0.09268297443404339,-0.3111111787074141,-0.3552859032992105,-0.4753174272207431
96,1996-09,COST,0.04893138357705287,0.037988599348534206,3.370434770332654,0.039271012134765075,-0.020276872964169385,6.068580713152567,0.5422168581991301,0.026531421070486116,0.056905323813249524,0.9856124507754388,1.6512096113066481,0.9939855813274207,1.1458438557019759,1.2692379418496227,1.1498387344493934,1996-09,0.03144662376312368,-0.1840795412649202,-0.2579182491380877,-0.37642578624978795,-0.4551491366216408
97,1996-05,COST,0.02443384982121573,0.03144297416509137,1.7078077646937033,0.019539853844977324,-0.0228313379542113,4.207429633608822,0.509807211147047,0.012456552834939768,0.045481608765621545,1.0021618845131046,0.6476430971659726,1.1527771400584663,1.2769178604730016,1.156796191061281,1.443473428007436,1996-05,-0.07514490586786526,0.006288980394078658,-0.13978519519799337,-0.21951246195924345,-0.40740763706151384
98,1996-02,COST,0.04358502148557397,0.036166050858509026,-2.3611182745281916,0.033116087240888145,-0.02073462290806347,5.194539620299295,0.5552845035434412,0.024202087017547162,0.05672151098196968,0.9504889981504003,1.0842365818925834,1.1076883953547512,1.0034864076178773,1.252170413384695,1.30909637347225,1996-02,-0.079999598477697,-0.1374998543977506,-0.1320756078921681,-0.25806460560905875,-0.3268293847991063
99,1995-11,COST,0.031665611146295125,-0.01549238578680203,1.851238795663968,0.025892953281186383,0.02564467005076142,5.614785476258822,0.615391210896205,0.019486738787086916,-0.029736763389094638,1.0372749131712529,0.5332599326983404,0.9059284288127784,1.130435615860787,1.181827289120417,1.111100646109217,1995-11,0.09016383184849697,-0.03623206153885128,-0.16875001275047952,-0.16352229787808914,-0.28494645447648326
100,1995-09,COST,0.04637491835401698,0.048884381338742386,1.514605724735035,0.0355737552644217,-0.03288257831868378,8.879267900833746,0.5248672576080041,0.024340676218267982,0.07435905171468063,0.9906868733293823,1.940588344543537,1.2478200042162555,1.304548186736125,1.2264772919923899,1.1958198648251543,1995-09,0.007353179136063481,0.12295108778910069,-0.08666613223954545,-0.20809257420611338,-0.16463422033243313
101,1995-05,COST,0.0226027397260274,0.016051960102064486,-0.842390574650913,0.022984785449866738,-0.008397123637207144,3.4175091528276664,0.713790949600101,0.01613363105260502,0.03383173541940204,1.0056631067354516,1.0638385043395482,1.0454618312963335,0.9828960009041762,0.9583272112841611,1.026781848951159,1995-05,-0.1307691641036287,-0.16296311722119294,-0.15037575413072246,-0.1811593920919582,-0.29374985645427953
102,1995-02,COST,-0.01346562721474132,0.0073283183693278325,-0.7421363545058802,0.013445543597625304,-0.011938849793739383,0.22191142951463372,0.6296411491687265,-0.008478512993767399,0.01347637328483029,1.0285270123623838,1.2097334613450375,0.940154840168026,0.9166544225683221,0.9821323153213427,0.7857120367746607,1995-02,-0.07627071229882654,-0.03539788045448733,-0.1925924487337939,-0.18045065161723706,-0.21014461404196683
103,1994-11,COST,0.028242074927953886,-0.007877780087299939,-1.5795715778474397,0.02820230453117026,0.018062772812305134,1.8506654964130775,0.6808791857391328,0.019229440980528822,-0.014873383942082494,1.06168692043363,0.5250282916464583,0.9750036732295034,1.044649533629816,0.8357262050942981,0.8125105223686426,1994-11,0.19417552646910385,0.1284399211935534,0.0884955397630729,-0.08888908647808236,-0.07518779789672692
104,1994-08,COST,-0.10326409495548962,0.011118980169971678,-8.58269280875456,-0.03045177910725071,-0.052195467422096326,0.9772974111094099,0.7660138258903764,-0.0791017244539617,0.0214120185159862,1.0685424950881681,2.4753420161680375,1.0714313825809751,0.857151852901357,0.8333409859650734,0.8080856053072916,1994-08,-0.02334632071913445,0.02032513156646698,0.1513756110566662,0.11061935481827012,-0.07037063728910542
105,1994-05,COST,0.017278617710583154,0.030805463966085724,1.554723813171318,0.024650188966870948,-0.023268959020254353,3.3920017699753653,0.8358665083274328,0.014442617854469684,0.05903420048014483,1.008130940669353,0.6093120696229507,0.8000062970309499,0.7777828795322712,0.7542112527642144,0.9655159310698611,1994-05,-0.11297081083824467,-0.15537868728163495,-0.13821164797679208,-0.02752361995740893,-0.06194722260296914
106,1994-02,COST,0.033953997809419496,0.021540690654431285,-0.7983146684233642,0.031216355143969622,-0.006568461724221191,-62.079419315688725,0.598873880965125,0.020334162442408404,0.02925495628811016,0.945686400010901,0.7708640152919446,0.9722209467835989,0.9427566452455513,1.2068854140938194,1.0370261533940641,1994-02,0.10344821326142917,0.5094341703037899,0.27490027038394316,0.30081278611362117,0.4678890778496214
107,1993-11,COST,-0.018696883852691217,-0.004470697243456103,-1.267250788260975,-0.006200513156606949,-0.003173500115821173,1.0899014034030352,0.6224375585805434,-0.011637642738333105,-0.0068062577227220875,1.088948272115277,0.5912355730616584,0.9696938215170898,1.2413694830239583,1.066656871387991,0.8727192584083562,1993-11,-0.006493374631478588,-0.04374977419312165,0.4433967661936171,0.21912367143589595,0.2439025204536247
108,1993-08,COST,0.0422927100723428,0.04841007377257695,3.1258239488621418,0.036526991439835184,-0.029076570847112692,4.351627706647674,0.5567856100571655,0.02354797237860021,0.058962883469047635,1.0087079419397522,2.5990231868739437,1.2801664355062412,1.0999934698142162,0.8999946571207224,1.2073142324714652,1993-08,0.0033006807502014013,-0.006535951760640368,-0.049999779540096934,0.4339627945583113,0.2111555379291361
109,1993-05,COST,0.019384264538198404,0.03051606108478146,1.2641321013230709,0.02426310321706081,-0.021563981042654026,4.268978845090946,0.7292144468773304,0.014135285743346198,0.04818469463687719,0.9910350762275395,0.9563036914476944,0.859258170894962,0.7030294125504234,0.943091616047591,0.8656743421052632,1993-05,-0.13970606793865248,-0.23026343999803267,-0.2352944010226068,-0.26875009830208363,0.10377358865412245
110,1993-02,COST,0.04,0.011761589403973514,2.4729020979020984,0.035737739905120136,0.006516556291390727,-36.252324241260084,0.585476636020274,0.02341906544081096,0.015069659501043576,0.9357178991905813,0.5984168394764423,0.8181818181818181,1.0975649088856636,1.0074671052631579,0.6750049588962599,1993-02,0.007518724371628593,0.14529919914238243,-0.11842133427913437,-0.12418328991149574,-0.16250007321243054
111,1992-11,COST,0.02641056422569028,-0.01380352644836272,1.607518796992481,0.022493301670035142,0.024886649874055415,1.44222532270695,0.48800640770574405,0.012888524573260953,-0.016052071513970454,1.0468590068478794,0.6466873956802653,1.3414682219713667,1.2313486842105263,0.8250060608732065,0.7268755400642738,1992-11,0.07586227479642083,0.16417949502115148,0.33333384330570803,0.026315805880337884,0.019607855281921216
112,1992-08,COST,0.048306148055207034,0.03561643835616438,2.7141869195811106,0.04628562732219181,-0.014090019569471625,5.879975678110146,0.5925664215285552,0.028624601290902604,0.04736070395403886,1.2540095162988527,0.5173519342612408,0.9179111842105263,0.6150023141515879,0.5418507335165101,0.48047006155567984,1992-08,-0.03906220951524808,-0.21153852254474892,-0.08208931533251462,0.05128237203390684,-0.19078952335991206
113,1992-05,COST,0.06438896189224705,0.12030791788856304,1.776731160896131,0.033677155942356,-0.0843841642228739,-104.88364863278586,0.25491746167863655,0.016413870725694075,0.05496971808339585,0.8948202737684715,1.7687043468652754,0.6700019835585039,0.590308455586085,0.5234385088889845,0.6350731692031294,1992-05,0.02272760993001599,0.09756121363367254,-0.13461526390081602,0.0074631650709604536,0.1538467561212209
114,1992-02,COST,0.04580152671755725,-0.00048278081750885107,2.795636363636363,0.030142354665578762,0.023656260057933698,0.24904790621979508,0.3499611636609411,0.016028755587524018,-0.00033393240807341707,0.8932534423131815,2.7015271966527203,0.8810547880035341,0.7812491928888123,0.947867595600447,1.156058907460253,1992-02,0.14893622502872628,0.5999990328528952,0.756096880310726,0.3846147408043523,0.6119400897484535
115,1991-11,COST,0.029450261780104712,-0.006727113190991515,1.360579311398984,0.01576764553784391,0.019888856390757527,-1.9808358662754069,0.31699537510386366,0.009335596779891275,-0.00477152724305554,1.3900237465420628,0.15186498789971453,0.8867203305927424,1.0758327501384,1.3121305544231554,1.4366996791742224,1991-11,0.10945268888504489,0.032407929636105726,0.6518516889274293,0.8130083444420209,0.4294872378974546
116,1991-09,COST,0.0960698689956332,0.13716038562664332,2.7344375431331955,0.024912872227337648,-0.07931638913234007,,0.12857632136968403,0.012352310349925982,0.02928994802671842,0.7803490481489018,8.846600415758248,1.213271775802459,1.4797569302894418,1.6202399218858978,1.9248168892718656,1991-09,0.012604783261081387,0.19900466029194686,0.2819153214198422,0.8257575963039794,0.8828128778872437
117,1991-06,COST,0.03085966201322557,0.04379273119827276,2.208005409060176,0.01902420467277071,-0.028679381072328175,,0.30971741460463936,0.00955777473430922,0.02769479012298649,0.904825258931999,1.153549581041485,1.2196417651854874,1.3354303250104618,1.586468034335333,1.4161021211135107,1991-06,-0.009175087386959602,-0.10373469617621,0.0746262761427019,0.14893622502872628,0.6363631867599786
118,1991-03,COST,0.04488330341113106,-0.002980392156862748,2.0280776578257584,0.023167789750510724,0.02258823529411765,,0.3218096587731437,0.014443880555347566,-0.0021954698444128324,0.975773149839646,0.4764903193981995,1.0949365322918119,1.3007655851257744,1.1610803774812883,1.0548836209213566,1991-03,-0.0833334967803181,-0.1342591107603468,-0.22406647887294406,-0.06965209209192014,-0.005318930863980165
119,1990-12,COST,0.05754716981132076,0.04280589876444798,2.2982486246654927,0.03437928121388232,-0.01849342367477082,,0.3375772526434529,0.01942661548231191,0.034203582013119654,1.1482541401395718,0.9501098850636964,1.1879826334802637,1.0604088394521196,0.9634198785142181,0.8681383886944625,1990-12,-0.11797735793875874,-0.1604277830969223,-0.27314800235742254,-0.34854777349794663,-0.21890574446647304
120,1990-08,COST,0.0535183349851338,0.014630541871921181,,0.03551139525402017,0.011970443349753699,,0.38087122045709526,0.020383593562619574,0.011210976459440759,0.9781072656451354,1.4830477376597095,0.8926130816791409,0.8109713487071978,0.730766901996876,,1990-08,0.13675227212941876,-0.13071917285236023,-0.19637501542830893,-0.40090085432563183,-0.4763780180384838
121,1990-06,COST,0.030303030303030307,0.026294416243654826,,0.017273977662914337,-0.011573604060913711,,0.31881865594849645,0.00966117139237868,0.017256850969835025,1.033931890564028,1.0103150122653195,0.9085362575928614,0.818682715944732,,,1990-06,0.03749983465507278,0.4188033834207201,0.057324689544498986,-0.11229956641276662,-0.23148143724776282
122,1990-03,COST,0.043478260869565216,0.05899893503727371,,0.02143843334749146,-0.03716719914802982,,0.28867169022754186,0.012550943053371384,0.03391815830033047,0.81948550541011,0.7346434697215505,0.9011007641167854,,,,1990-03,0.13138654771439628,-0.06626487377116475,0.3247865563122445,-0.012738797543303315,-0.17112292359103298
123,1989-12,COST,0.06115107913669065,0.006701274185936761,,0.02404861113227081,0.017366682397357246,,0.23652037352182212,0.014463476078672575,0.004027085496414717,,,,,,,1989-12,0.17460299208247165,0.19354813728308695,0.11445782062621435,0.581196526584155,0.17834376920405104
