,Company,Company,Profitability,Profitability,Profitability,Profitability,Earnings Quality,Earnings Quality,Value,Value,Value,Management Capability,Management Capability,Momentum,Momentum,Momentum,Momentum,Forward Returns,Forward Returns,Forward Returns,Forward Returns,Forward Returns
,date,Ticker,RoE,CFO2A,EPSg,EBITDA/EV,Accruals,CFOg,B/P,E/P,CGO/P,exFINg,CapXg,P3m,P6m,P9m,P12m,1m,3m,6m,9m,12m
0,2020-08,NKE,0.164570685169124,0.026519935053220277,-0.7629059257752997,0.01039119565607892,0.019123218473750675,-879.0834812736784,0.05174048176344142,0.00851496653479012,0.004947431148672521,0.9726197653641877,0.5739121279142767,1.126560602094241,1.2577492145390372,1.2057917554836637,1.3375571441379517,-0.11070036249043513,-0.07026419383134741,,,
1,2020-05,NKE,-0.09807572936064557,-3.1906068534235215e-05,-1.779496522826432,-0.003561617941251862,-0.02517388807351158,-0.0017854986992908231,0.05212848060991371,-0.005112538756279556,-6.471568045923491e-06,1.1342865399025095,0.8791664974678185,1.1164505595179885,1.0703301298147074,1.1872926690774332,1.3039339893264363,0.0029036427170341383,-0.12114838085292046,-0.18290018136966435,,
2,2020-02,NKE,0.09364289662797126,0.045003813882532426,1.5389785884002267,0.007377010062771969,-0.012700228832951951,3.898093238965238,0.06388184129866584,0.005982080661135431,0.008333949445265417,1.0100993050911915,1.1722961495811142,0.9586901280042415,1.0634529751053463,1.1679281077071528,1.056540514348015,0.07726265307232283,-0.09583383519549138,-0.2053721020835524,-0.2612059907265498,
3,2019-11,NKE,0.1192385841086515,0.03428313660627019,2.155365966136203,0.009411847986985128,0.007631005187579885,3.6024884126612524,0.06320359935201954,0.007536307697305291,0.0061642265649707855,0.9984213014289725,0.8269078042421885,1.1092770688263949,1.2182540255614125,1.1020667507523774,1.2577230438931297,-0.07959049518604533,0.04326119808338036,-0.05671852363959329,-0.17099554718920884,-0.22924487674855643
4,2019-08,NKE,0.14858695652173912,0.01501009562269039,2.6712901412113883,0.012845227748175097,0.03706807878395367,1.1840812579817221,0.06884430752284477,0.010229366128666175,0.002948332300434874,1.0495632296454032,0.9399455231296443,1.0982414220915195,0.9934999845605337,1.1338222696911866,1.0392402405648133,-0.10261637009461377,-0.0984888977110896,-0.059488447340602435,-0.14962127647761891,-0.25264328194412866
5,2019-05,NKE,0.10940265486725664,0.08474933591938273,1.7863256109303884,0.012070863585583541,-0.04304928953914914,4.8568821163732805,0.07383059087024102,0.008077262651622608,0.016415872527564653,1.0160748072453683,1.2214697146444422,0.904628039496531,1.032398020038168,0.9462766743815372,1.089042731303357,-0.083670223634292,-0.08963444664081133,-0.17929534650530388,-0.14379067992251793,-0.22584450279566703
6,2019-02,NKE,0.12286575159022432,0.04659482570568473,0.10271155396706155,0.010242842718907566,0.0014397277605689152,3.016546859005812,0.06611917926147236,0.008123782654489573,0.007880290531330485,0.9902059200685657,0.7446014769408694,1.1412403495836223,1.046039513553201,1.2038569265545445,1.2934274680405904,0.01805006896317618,0.10850395611561225,0.009143817410039112,-0.09024564479863673,-0.05088858143105268
7,2018-11,NKE,0.09703287890938253,0.06720465670062177,1.9137680326400834,0.010374003348014723,-0.02985403713013185,3.875268874825403,0.07300085044343249,0.007083482681359529,0.012745251011088456,1.0250297181195507,0.8295764925893625,0.9165812564678817,1.0548671250484334,1.1333523814790576,1.2615171541177579,0.010220101569220263,-0.12635352924967835,-0.031559430926826115,-0.11836506544021241,-0.20519631832859453
8,2018-08,NKE,0.12144128113879005,0.057865943157052,2.1430840235877753,0.011782118928851188,-0.009295912467197437,4.486751677382534,0.06836617402710261,0.008302475760408814,0.009891502714552993,1.0627792226347048,1.146028554908153,1.1508713685826908,1.2364996267177888,1.3763287708709142,1.574659172938067,-0.0321289099770139,0.09156033853939527,-0.046362162624031145,0.05711131543279824,-0.03764227236376083
9,2018-05,NKE,0.11587851610273135,0.10072772452964146,-0.06772479582663649,0.014878783066662439,-0.05027511537096201,6.770601939665633,0.08559381858330659,0.009918484684999956,0.019802075844283114,0.9971052250446097,1.3052738806315693,1.0744029788842084,1.1959014781694295,1.3682321203952401,1.3729349550087155,-0.09889567110030573,-0.1289537812303525,-0.049200494556343566,-0.16933736767799834,-0.07920718587365294
10,2018-02,NKE,-0.09415252504600287,0.034897126640652726,-2.0661429112139986,-0.00827194307150614,-0.07573607662291595,2.199725188463959,0.09252788886295357,-0.008711734373623005,0.007444229046733231,1.1076741550607334,1.0760025173789387,1.1130846634578397,1.273481316866954,1.2778584776770996,1.1883266948270768,0.008880100843646765,-0.06924989470834297,-0.1892736401662508,-0.11504326019706124,-0.22686066750445189
11,2017-11,NKE,0.06523218234393605,0.05499896071502805,1.7436214204680462,0.011062156200116335,-0.02311369777593015,6.075643010162177,0.12103836318538816,0.007895596577920796,0.01361913203727407,1.0372772417423217,0.8301217118178249,1.144101036223818,1.1480334961290222,1.0675977612839394,1.2231668548960555,-0.03405278193801331,-0.10159639226341666,-0.16381074750477043,-0.27164051343821227,-0.20495167227023492
12,2017-08,NKE,0.07921287417660301,0.024315980885524592,1.7187064859505137,0.012145929167999638,0.01585824840360299,2.498487958920413,0.13990021072998549,0.01108189778983459,0.006707464451741986,1.0562828194039835,0.8072031602613053,1.0034371613875845,0.9331324135564261,1.0691073744091688,0.9338381439532334,0.015026890765627687,-0.12894486598082577,-0.2174409250597008,-0.27163305860237474,-0.3655587298187851
13,2017-05,NKE,0.08124445877327313,0.0413603336342921,2.1112516626409814,0.014627877871854664,0.0019777290511199946,2.2273354420917197,0.14505405176710795,0.01178483792868903,0.011247037785117906,1.0356737092502508,1.2404790846684304,0.929936073192726,1.0654452670765884,0.9306393861892582,0.9742604099133472,-0.10186432491259378,7.488139530664739e-08,-0.12894480075500192,-0.21744086646058525,-0.2716330040612418
14,2017-02,NKE,0.08968715610753025,0.048116793365583964,2.598116478676086,0.01605044842796877,0.0011662059433310348,3.0281079329571376,0.13774146380679442,0.0123536401669197,0.012061310382075852,0.9879707117519844,1.0991427605169908,1.1457188271217635,1.0007563025210082,1.047663853460855,0.9417304154991318,0.025659441438426356,0.07534348280682113,0.07534356333004144,-0.0633164683268943,-0.15848013583743759
15,2016-11,NKE,0.06832751764992293,0.043351580434398726,1.7898681384677195,0.018875673503880037,-0.00618046971569839,4.184601829860411,0.15223146020816883,0.01040159778424719,0.012131079601105398,1.072944567382145,0.7923464173994087,0.873474607234198,0.9144161976396611,0.8219559574358357,0.7691305417887183,-0.03190252339716371,-0.12718688268699185,-0.06142610258915138,-0.06142603230742827,-0.1824503267846389
16,2016-08,NKE,0.10267159884915741,0.03724711665721309,2.578068069887929,0.015703933388628976,0.021790508602760432,3.2885475378120423,0.13003649573396917,0.01335105492574825,0.008423243620087768,0.9961376864133886,1.1566933320207695,1.0468721014513542,0.9410187206683743,0.8805413865711809,1.0476093875293528,0.09477664337133618,0.14485508021650628,-0.0007554685645971837,0.07453109460941598,0.07453117507180385
17,2016-05,NKE,0.06901615271659324,0.06955423546470836,1.895734098755308,0.013542239026750946,-0.02998269329716076,3.92526519015244,0.13589996684819092,0.009379292866174702,0.01648582564066405,1.0307079111235204,0.8306389807395468,0.8988860428735967,0.8411164891589172,1.0007042752185071,1.098944541121283,0.00036227502585872706,-0.044775196823643615,0.09359396866526404,-0.04549683913456681,0.026418753355154312
18,2016-02,NKE,0.07723577235772358,0.04174012483918616,2.442390732467317,0.01346366844064242,0.003525992280935822,3.2850541196807654,0.12173031989629528,0.009401935276543129,0.008669574002370296,1.0184812547210504,1.068574527617626,0.9357320606180519,1.1132715689070147,1.2225626928282598,1.2879863077696323,0.0019522375926765978,0.11248855624767051,0.06267666217763002,0.21661077532157957,0.06187384336502366
19,2015-11,NKE,0.058560238716896675,0.02413319753797103,1.8788173388380032,0.01142129940938921,0.010627463135987253,3.39228182195341,0.12314751492269754,0.007211547871265763,0.005006743426547569,1.072097252627975,0.8098711907593068,1.189733274898904,1.3065307306247005,1.376447769587927,1.3843157950992704,0.05824007031853595,0.06868196310474839,0.18889645422232793,0.13566338148159107,0.30016999170505576
20,2015-08,NKE,0.09143787808282924,0.02364441876143697,2.6058856311590857,0.017954687226584966,0.033131079649426944,1.8792574770410337,0.14060641439723315,0.012856752177317972,0.005354253875371607,0.9209242372585542,1.4170236203409423,1.0981711264112717,1.1569381126243516,1.1635513810579945,1.4337460144987184,-0.09124150545581444,-0.15947453547427382,-0.10174559653111637,-0.0007022555417891541,-0.04544600873532856
21,2015-05,NKE,0.06807271582592272,0.062138259943510674,2.35763095584952,0.015923277527553358,-0.022086400889012363,2.8115683724907137,0.15156598110034838,0.010317507960321189,0.016007047032082118,1.034542689978608,0.9672247322485942,1.0535135051356936,1.0595355797236994,1.3055761347360102,1.3622535308045338,-0.06391067422039742,-0.09515562358027496,-0.23945526018631957,-0.18721955442692595,-0.09579105555807244
22,2015-02,NKE,0.06395536869340235,0.08719147071710237,2.3963761172558637,0.015991591034092763,-0.048683121561754535,8.50975019275192,0.15488948379853495,0.00990601404306607,0.022429419912934682,1.021334277813275,0.9787280723106629,1.0057161816708085,1.239259039748001,1.2930574920623104,1.2781492937737187,-0.03759330690513207,-0.050277677641560214,-0.14064909745368448,-0.2776936834466561,-0.22808426766281265
23,2014-11,NKE,0.05598290598290599,0.04507747691344498,1.9435767638490926,0.013305191810859823,-0.01090415818855324,5.100090547276738,0.14719489555276663,0.0082403979988942,0.010869776902358156,0.9729414794474657,0.8298345558145618,1.232215472251033,1.2857081506972856,1.2708846860257472,1.2730896256502573,0.032657140502223125,0.016480907648621645,-0.034625391754936286,-0.12648621459105902,-0.2657894197495243
24,2014-08,NKE,0.08662764520486267,0.036877058474164455,2.662843995201449,0.021613437208780548,0.015063981426488855,2.896120736461862,0.17195771177549932,0.01489629164592799,0.010576057374395863,0.9582020534344924,1.2525365029657454,1.0434117892940682,1.0313818602716234,1.0331712710314815,1.301578911654518,-0.13002730909796245,-0.21843519049152482,-0.20555429304460293,-0.24549717820262784,-0.31729236470383393
25,2014-05,NKE,0.06448632668144863,0.07142088845864258,2.1231763646197432,0.01715326611404059,-0.03388189738625364,4.206101636033335,0.17293079169122377,0.011151671526281801,0.021216933792123537,1.115361244837407,0.9098030455014686,0.988470583574119,0.9901855447986505,1.2474259204365667,1.2793733585826212,-0.01449466245788078,-0.027040425686629233,-0.23956903564232324,-0.22703644314559202,-0.26589925568579176
26,2014-02,NKE,0.061259319141291665,0.0413975172723698,2.0781004178089884,0.01576948370568422,-0.003089366960624597,6.129054127789599,0.1740683990774703,0.010663311611500472,0.011523256096298898,1.0309402642474736,1.0843678031792388,1.0017349643510185,1.26197576454538,1.2942958342337856,1.4752590576230993,0.05362475398535982,0.011841696293896309,-0.015518933901371712,-0.23056424310992507,-0.2178832434590724
27,2013-11,NKE,0.04707334273624824,0.018518518518518524,2.0799375237476903,0.013489718681833483,0.01144781144781145,1.6458281384480498,0.17660191374732329,0.008313242413705098,0.005137396997233489,1.0048407170017517,0.8258311001168147,1.259790073677782,1.292054166315643,1.4727039687377361,1.687371442238699,0.00635833362989735,0.00441434204959501,0.016308311641380024,-0.011173097734262338,-0.22716769049382313
28,2013-08,NKE,0.06904804112745967,0.03496661763041755,2.5892567499144987,0.023941400056980932,0.009109426275885485,8.742914481586734,0.22126537857385428,0.015277940959850427,0.012120369079829994,0.9816438282110436,1.4058484393979334,1.0256106896791704,1.1690074398176367,1.3394068404687873,1.341055495155489,-0.14091875698305423,-0.21147772871078663,-0.20799692169159234,-0.1986182617744333,-0.22028796511354354
29,2013-05,NKE,0.05911018861113618,0.07272727272727271,1.973717141100571,0.022006136411138248,-0.03539469934454259,5.680087161325367,0.22155080879620967,0.013095910094893722,0.025512032490205176,1.1626801897326957,0.8798257541831208,1.1398159668005445,1.3059602965797656,1.3075677824448138,1.1942163762898548,-0.03818351071691983,-0.02501652103628338,-0.2312038126980711,-0.2278100833608958,-0.2186660448868465
30,2013-02,NKE,0.08118496296990718,0.028626320845341016,3.844369400255988,0.027965868182394483,0.02683317323086775,3.376283271630083,0.24429254676241882,0.019832881362731293,0.010237064629492943,0.9321907288844034,1.1889791284603966,1.145764171250897,1.1471744742400367,1.047727362200419,1.0787578534915667,-0.08423869128420125,-0.12359590153655453,-0.14552048310205024,-0.3262238705655188,-0.3232495922653428
31,2012-11,NKE,0.03834631515877771,0.04679981543734757,1.5245042542291238,0.019169313165998784,-0.021488365961373674,4.351443574529393,0.2623352447427509,0.010059589972160608,0.018599762708942792,1.01393808627824,1.3314273358479691,1.0012308841771516,0.9144354383647332,0.9415182291080236,1.0724967807140402,-0.05542627307952175,-0.1204239628422199,-0.22913595612468574,-0.24842029269440702,-0.40736266214051164
32,2012-08,NKE,0.05643475664377425,0.03539764456795024,1.9528438940632271,0.024528227849585114,0.0021172422919147824,9.222291507185076,0.2606686310466515,0.014710770757783558,0.013880533254698771,1.0198020223328665,0.5022243791223399,0.9133112579884608,0.9403607539351905,1.071178284312971,1.2062544773877475,0.010846317102590985,-0.015803775632790118,-0.13432458518544022,-0.24131851851747654,-0.26029808975882274
33,2012-05,NKE,0.05288507850881417,0.06298092466860652,1.9463189898989899,0.02184251922762357,-0.0274814096346589,4.890083547908678,0.2421814056774754,0.012807782652628262,0.022722732793551782,1.0531428978692439,1.7378445953227721,1.029616952282298,1.1728512869448335,1.320748503685901,1.375923106090243,0.2160593551284673,0.09640163693091774,0.07907435145743769,-0.05087205814646545,-0.16818038179338757
34,2012-02,NKE,0.05503144654088049,0.0221711504664053,2.309152517797351,0.022287920915521453,0.015682033256725698,2.2993672775759424,0.24521461899868943,0.013494515196468757,0.007903930329360272,0.9628371095187978,0.8147757944739944,1.1391141961532738,1.2827571464885723,1.336344650348177,1.285646456633643,-0.004795360643316315,-0.015714597110891737,0.079172126934826,0.06211713277158726,-0.06578722135938364
35,2011-11,NKE,0.047648074773951034,0.035015447991761074,1.805285437867111,0.020265437907904728,-0.0028149673875729544,7.797841537246644,0.26960971237228937,0.012846383734898277,0.013969415148823284,0.978621541842301,1.2927138477845834,1.1261005707947218,1.173143706628308,1.1286370242555142,1.1833784620615129,-0.001971670024726646,-0.1221275886954154,-0.13592299995383406,-0.05262456271502702,-0.06759667156589522
36,2011-08,NKE,0.06515809677745227,0.0058771870566777,2.3126519306708975,0.030524353795638302,0.03769506181179491,0.6364108136597684,0.3013131738880244,0.0196329929445172,0.002648171141353483,0.9638410123829328,0.8953621908821122,1.0417752526316422,1.0022524217876936,1.050863921706716,1.3126753727381657,0.013331064368043988,-0.11197791954364233,-0.22042991493806352,-0.2326805447445155,-0.1587096932089468
37,2011-05,NKE,0.06034745504419384,0.056140818775836765,2.26560958057935,0.02726693565894332,-0.016535538071742885,4.051303881554505,0.30132905676082444,0.01818444170638319,0.025776599186489304,1.0874714822116145,1.1118518183376829,0.9620620371389036,1.0087242128780798,1.260037008387557,1.2577478009416967,-0.061458300674382405,-0.04010022245700606,-0.1475878025166757,-0.25169084876987435,-0.2634502255958492
38,2011-02,NKE,0.05281761260351444,0.022309711286089235,2.216078935239345,0.024888502494189335,0.013814062715844736,14.776000975979942,0.2952390605415572,0.015593822325109514,0.00963060155068905,1.0125304716347423,1.096977428904978,1.048502252388989,1.309725318893995,1.3073458388215162,1.3858035836081617,0.1760899997239871,0.03943381675475721,-0.0022477105264433472,-0.11397393612159834,-0.22218216282435765
39,2010-11,NKE,0.04593426475022616,0.030074668141592924,2.05537376328303,0.023428452200278872,0.0015210176991150431,4.252684112770614,0.3097521329122772,0.01422823648013978,0.013543288553305919,0.9988795873951745,1.1133430073580595,1.249139251641868,1.246869843000106,1.321698241897563,1.4132839112117856,0.008311819265248044,-0.04626105541329539,-0.008651488640587623,-0.04840478447852192,-0.154962436960301
40,2010-08,NKE,0.05786749482401656,0.015087894100064047,2.179298772624019,0.03375079834890268,0.02469575119208598,inf,0.37491507940584945,0.021695396416963757,0.008227949982819885,0.9659167496021804,0.9613782873666978,0.9981832220556842,1.0580871909679592,1.131406213802157,1.3507959597615196,-0.12652840198293247,-0.19944410078212194,-0.2364786615972807,-0.2063701010503608,-0.23819483654677265
41,2010-05,NKE,0.05351650604880049,0.08843886538594907,2.5634284353108336,0.03457104156745458,-0.05223663222137455,7.244775879742772,0.373668439373648,0.019997429295985674,0.048851957544522845,1.0591422682270246,1.3251240004829026,1.060012999205604,1.1334654688666375,1.3532545227314636,1.2870044718100602,0.0715024047111068,0.01870247176819606,-0.18447172667813683,-0.22219892532138863,-0.19152726027085898
42,2010-02,NKE,0.05270972531551596,0.03770624631703005,3.350690367360759,0.030475247499387816,-0.0010975250441956422,22.816194627927842,0.3842569382248226,0.020254077664411587,0.020861292467630372,0.9870364090533426,0.7211303142737039,1.0692939329197664,1.2766395541805817,1.214140272595306,1.7741696681519867,-0.08027196114061352,-0.08095267879588885,-0.06376422221743283,-0.2504909250373274,-0.28516400588694335
43,2009-11,NKE,0.04065481352992194,0.050014972301242674,1.6764260970978397,0.027153518943606157,-0.021941907471178294,5.210255661303123,0.40012151825849834,0.016266865714108507,0.028981047956255713,0.99568713733252,1.1297959954208936,1.1939089102419638,1.1354597975507341,1.6591973577438321,1.4630922192372395,-0.017860014512522504,-0.05595263329957034,-0.13237579654417486,-0.11614907937363883,-0.29242793146341406
44,2009-08,NKE,0.05642943570564295,0.05374876809946174,1.7467875539566367,0.04367239991567088,-0.01485861572284132,inf,0.473694387075312,0.026730306959590257,0.03694305581744541,0.9039372829094571,0.6715951503227184,0.9510439094726381,1.3897185484674628,1.22546385799292,0.8796237058129162,-0.14389451392803554,-0.16241332205857972,-0.20927850230604128,-0.2732895257258645,-0.25969824359710014
45,2009-05,NKE,0.03922696422408834,0.08103396226415091,2.0680753754480095,0.033061631820782776,-0.05529811320754714,50.91494737872214,0.4325413737790682,0.016967284994669533,0.05342455688790815,1.048677853349904,1.0480265244736118,1.4612559258573807,1.2885460342966184,0.9249033583535328,1.0266353270654132,0.10177687682508307,0.012262808750027165,-0.15214215681541343,-0.19958203580528522,-0.26437801416319917
46,2009-02,NKE,0.028514666355030967,0.0018927197047043137,1.1354437418286185,0.025094464493183647,0.01727008560433519,0.14896214703338004,0.624077704026514,0.017795367509929813,0.0017576572007758562,0.9535181359080809,0.9396583720067087,0.8818072258906829,0.6329509718229904,0.7025705141028207,0.6373154776486387,-0.11430990319309298,-0.28915024282650614,-0.2804332282042843,-0.39730045805459435,-0.4310230845148847
47,2008-11,NKE,0.046519928613920285,0.021912568306010922,1.0546975515862538,0.041693404457119165,0.008610460577673697,inf,0.5386093441242835,0.025056068239452094,0.017987821879320208,0.343871975019516,-1.0962918121161236,0.7177883705632697,0.7967393478695738,0.7227378716531931,0.833434472368118,0.04411772828751315,0.257552699559662,-0.1060689688851425,-0.09510686361486642,-0.24207356400318347
48,2008-09,NKE,0.06349601593625498,0.0,9.99119511523859,0.14640298981238944,0.040495474035254886,0.0,1.4900808827553125,0.09461419947774022,,2.7608505041648397,-0.9935184321121662,1.10999199839968,1.0068954879918706,1.1611144824122706,1.0797843875575275,0.1436032691206719,0.29227148139944226,0.37851746562883126,0.21899509227947944,-0.04119814727770599
49,2008-08,NKE,0.06361259803311341,0.028392219134577217,1.9699227761951525,0.04257585236824521,0.012179436284239776,3.227333552458861,0.4057882283527413,0.025813243456772165,0.018064218904386937,0.976162985008972,0.6718439414307225,0.9071195913516064,1.0460566239092677,0.9727857400001946,1.1488652686009766,-0.0940208180897979,0.12130177259260422,0.4100960711448638,0.002366449764624079,0.01465827783553153
50,2008-05,NKE,0.06273958599539994,0.05083179297597042,2.207465763265628,0.031887531419886594,-0.011371855661817885,3.3282793305164624,0.3550269014761788,0.022274240815845104,0.02869339575564568,1.047655315423962,1.6442563932238974,1.153162861746427,1.0723897370034152,1.2664981327204825,1.2742733600018497,0.14695523797595844,0.11275662228302186,0.2477359730301114,0.5690937412217183,0.11538990492990742
51,2008-02,NKE,0.060940372997110574,0.030022056328469632,2.645765245623892,0.04315584600269047,0.009340006786562605,3.156487166647415,0.39633176060312386,0.024152605321755904,0.018421566860709945,1.0239929696898273,0.7978772421160147,0.9299551456065074,1.0982821028440104,1.1050246259856176,1.2354963805584285,-0.11470571451841116,-0.1328183898991505,-0.035037920638226305,0.08201369007300197,0.3606892369118153
52,2007-11,NKE,0.047911383958361135,0.055032736796158874,1.7415405217580795,0.03179283012942165,-0.023692710606721956,5.330924205830796,0.3600267485507698,0.01724937978509627,0.030289718708982425,1.0411229988563444,1.1531734008895278,1.181005458201666,1.1882558327745276,1.32855480868666,1.4462597095575818,0.021949088212549484,0.07531643978205027,-0.06750535838188854,0.03763958770398679,0.1635071090047393
53,2007-08,NKE,0.07749830047586675,0.02900853459233703,2.8351609234860193,0.045714292749689155,0.022743780642818227,2.9306729034403087,0.4165398900657501,0.03228113356050001,0.018094424864175004,0.9693416281395217,0.9240958508484486,1.0061391541609823,1.1249353671147884,1.2246003602386581,1.5478540810700248,-0.03954949731244961,-0.15326113795180996,-0.08948778143723568,-0.21042054829024548,-0.12139023629137324
54,2007-05,NKE,0.0623398804440649,0.09018525449101795,2.5869569867610047,0.04727907570253242,-0.049204715568862266,5.900036515509477,0.39799641377247963,0.024811048851742956,0.05460130134291107,1.0392474601982977,1.4866108508788871,1.1180713547052743,1.2171282224473714,1.5384095476940043,1.5960363884634547,-0.02641949105692354,-0.00610261395005296,-0.15842845834339725,-0.09504428600393056,-0.21523904686692463
55,2007-02,NKE,0.051255841121495324,0.036520207456698296,2.187103051268884,0.03911874314781441,-0.002172423916234456,4.08746149079936,0.4332902573976973,0.022208656592668186,0.023613306667760015,0.9863210072136414,0.7197022880085547,1.0885961949791734,1.375949344574284,1.4274906353219048,1.3607739665787157,-0.01684545360614509,-0.10560872595892512,-0.11106685062469379,-0.2473057566610395,-0.1906155060083048
56,2006-11,NKE,0.04986234322422759,0.03154143758908573,1.98638529459218,0.03727456361254068,0.001649358582773354,2.786964375263495,0.45054640570092686,0.022465299519501696,0.021348925739698245,0.9555323334025861,1.1159620497976006,1.2639667040179285,1.311313269241415,1.2500263852242746,1.309163258538742,-0.0008075009354580054,-0.08138812131283546,-0.17840155147172165,-0.18341544962505218,-0.3085661270493838
57,2006-08,NKE,0.06060118951936987,0.024218994880367783,2.0633333834322607,0.0594994517995124,0.015170828544561695,1.8392409355829828,0.5402766939241948,0.03274141032139871,0.020131190749337457,0.9636226132326822,0.733845145728114,1.0374587123798278,0.9889709762532982,1.0357577097380346,1.1494490217324638,-0.07829253016930582,-0.20882837265700738,-0.2732203450424723,-0.349974618455404,-0.3539414724167066
58,2006-05,NKE,0.052974864778873684,0.07242147922998989,2.0216437259679925,0.0565742875462859,-0.03868287740628168,6.102313591032298,0.5587323718870048,0.02959877184829344,0.06353514149297344,1.061480823182951,1.4536583899296194,0.9532629727352683,0.9983604141335986,1.1079467626193444,1.0892627432063031,-0.00851822923913903,-0.03611661417004297,-0.2374028130640392,-0.29946916542721025,-0.3734513343613851
59,2006-02,NKE,0.05206004471414884,0.02257827274637528,2.315610900139386,0.05431749557806869,0.011672620298382019,2.1727680303390873,0.5225309121009881,0.027202982648502426,0.017932272917678432,1.021573754372924,0.6097136202235907,1.0473085000552669,1.1622676997935109,1.142667631452002,1.105880522107884,0.019741606566998637,0.04903551399467965,0.011147903085061195,-0.20000846803173755,-0.2651182758848116
60,2005-11,NKE,0.049490299243669836,0.052110673665791786,1.8906170902189041,0.04974317713327894,-0.01919291338582678,4.17821277767509,0.5310166270543281,0.02628017177628292,0.04160299618404922,0.9684720168227702,1.8098256948650642,1.1097663197922842,1.0910516160154367,1.0559262357266521,1.1101067528324267,-0.017167639499859444,-0.04517091874671464,0.0016496160296080031,-0.03452657668610504,-0.2361448205203357
61,2005-08,NKE,0.07243460764587525,0.02870776656428258,2.5603450414621816,0.07749827001788759,0.018681439227731453,1.9926014235227207,0.5673837833856575,0.04109822173417238,0.02489676997183545,0.965596522350298,0.7367315035567109,0.9831363563273838,0.9514852062948627,1.0003067610127203,1.1482463965444387,-0.033912702050637344,-0.09891893026741383,-0.13962159005250718,-0.09743249249080665,-0.13003017492193358
62,2005-05,NKE,0.062001771479185126,0.05567432340231978,2.45472684249129,0.062382345682803576,-0.015874459858994786,3.401311224534113,0.5282252112002533,0.032750898834382404,0.04581382876946752,0.9569533506701761,1.3561457971384934,0.9678059408251795,1.0174649269908789,1.167942156908775,1.2670826435757037,-0.05080829139701104,0.017159819383252284,-0.08345654186113494,-0.12485765193655851,-0.08194459708075685
63,2005-02,NKE,0.05030403537866224,0.0375461254612546,2.401448889372669,0.046068445350417896,-0.006065498154981537,13.125231812186783,0.48559926609102116,0.024427602661295147,0.029134166397500716,0.9957531157634337,0.7741941037368117,1.051310892061025,1.2067937461852667,1.3092321405832166,1.2916656197391894,0.0436914492699747,0.033262400152274774,0.05099299631439358,-0.052970106599570244,-0.09574831696507091
64,2004-11,NKE,0.049036122028822765,0.04523253096517878,2.252074344194738,0.04663495762267375,-0.014617901378826827,3.679480151179727,0.5037725805947028,0.024703053736816794,0.036498290463823586,0.9955624731619765,1.2439870170826492,1.1478942673364947,1.2453329937603463,1.2286238347697178,1.3655989052419917,-0.06649056230714312,-0.04879696015560975,-0.017157664018245367,-0.0002922670505848268,-0.09918228657400241
65,2004-08,NKE,0.06511350059737156,0.04566753439940497,2.317367814520246,0.0627137388300268,-0.005132019338043879,3.8469248177721274,0.5463061113052033,0.0355719033048191,0.04007550207185124,0.9547044224162139,0.7450038834366695,1.0848847574175475,1.0703284002110607,1.1896556539224175,1.4332626762221998,-0.04428951285879268,-0.128842319223181,-0.17135216586130086,-0.14378935001686355,-0.1290969299091359
66,2004-05,NKE,0.06378084483479717,0.06866860538626883,2.752639367460156,0.06580990332634552,-0.030104943734985477,4.727741977223873,0.5622707838245208,0.035862105618251525,0.06385806413531937,0.9886259223993543,1.2155302277694493,0.9865825774516946,1.0965732957242995,1.3211197469802496,1.3839836452715801,-0.060726189035163025,-0.07667980933338658,-0.1956425240844628,-0.23489272378758008,-0.20944341940678546
67,2004-02,NKE,0.04382120946538125,0.02661756970015781,2.6988190629257875,0.04517045146816852,-0.0003156233561283535,10.677932853096566,0.5287056161684571,0.02316851955164142,0.023446541786261113,0.9804645768113862,1.1810488758776847,1.1114865808361494,1.3390868409542074,1.4028056818582355,1.7341612200435732,-0.05932965988033845,0.008025054313037128,-0.06927011465496336,-0.18918751165314318,-0.22875269634067552
68,2003-11,NKE,0.04097985347985348,0.057340382269215145,1.8489901515245049,0.04793855465151667,-0.03307577606072931,5.077306022992237,0.5658039003474252,0.02318656093456711,0.05479282276716139,1.0249903292038207,1.0401569872899676,1.204771037313684,1.2620986218321526,1.5602178649237475,1.6586529553455627,-0.01767459116174097,-0.10484198750053297,-0.09765829583147445,-0.16684968566068015,-0.27419470442168037
69,2003-08,NKE,0.0618923405264406,0.049957179560376826,-4.301436682729401,0.07701159995793906,-0.012703397088210104,4.209275610356926,0.6636398896390627,0.04107422603647031,0.055080379742393146,0.9591449630755667,0.8645021271407959,1.0475838003595221,1.2950326797385623,1.3767370761534188,1.4603478773584906,-0.06313712602020338,-0.16984622019703888,-0.25688119240266105,-0.25091762361065306,-0.3083571174071884
70,2003-05,NKE,0.06163868704585316,0.07205688315496261,3.175305408866312,0.07476227500218345,-0.03599179006010849,18.608765734911948,0.6570378924173629,0.04049895302798079,0.08091559111078274,1.0349742890891147,0.8536062273747365,1.2362091503267973,1.3142023346303502,1.394015330188679,1.1416441994285944,0.04673770341110961,-0.03705894891087913,-0.20061084671093,-0.2844203943281244,-0.2786778291273059
71,2003-02,NKE,0.032586027111574566,0.00476488048742384,1.8251329671135572,0.04792573792799158,0.014763318231526323,1.264220334275884,0.7763398490427807,0.025297831368703748,0.006172670853963715,1.0083049272547149,1.185988931653672,1.0630906058921623,1.1276533018867922,0.9235040843426823,0.8568868311988947,-0.09821094068599512,-0.19108042330416686,-0.22105813256994777,-0.35335846450616504,-0.42115364828773516
72,2002-11,NKE,0.0402755696873344,0.036068976528820046,-1.9244204528149016,0.058031991569340115,-0.011799457129171319,4.099955704239759,0.8169128228039462,0.03290162932331739,0.04889788200090393,0.9418465499327554,0.9962706403632382,1.0607311320754715,0.8686974367228681,0.8060336780793786,0.9113859923164604,0.00697118696902721,-0.05934911848713842,-0.23908908710805377,-0.2672876457546468,-0.3917360696148938
73,2002-08,NKE,-0.013340593520283148,0.027391441157960984,-0.4854728197553994,0.02579113753718409,-0.03510069225928257,2.0305180655726764,0.8382427474315493,-0.011182655764809668,0.03973266058476252,1.0451588426681029,0.40399208977780643,0.8189610076053278,0.7598850016801703,0.8592054713555959,0.9300370150345018,0.0,-0.05725848642114084,-0.11320936421327676,-0.28265769428157517,-0.3092416461408065
74,2002-05,NKE,0.05444126074498568,0.08976708074534161,2.9469668714878594,0.06755541992340229,-0.05731366459627328,14.318592759844547,0.7099297104862627,0.03864946847919483,0.10690553936757191,1.0611034970224487,2.0360415030579953,0.927864690288616,1.0491408789631445,1.1356303980258649,1.4139971550497867,0.0018643069797323886,0.22107968940862133,0.15116251459348673,0.08284203411692581,-0.12406788013368153
75,2002-02,NKE,0.03257497414684592,0.009095276220976781,2.2754001681872253,0.03854287275696275,0.011080864691753404,0.928595987550588,0.6603565061274783,0.021511096114804104,0.00969706555016566,0.9736503618425513,0.8126428301196685,1.1307046059019716,1.2239181099483618,1.5239260312944523,1.6480831948803152,-0.019163715150978033,0.07774994046969175,0.31601856256889116,0.240665331574071,0.16703293780759654
76,2001-11,NKE,0.03419936373276776,0.03421605037946068,1.738760064286753,0.04452463851228204,-0.013386081059260455,3.4020113963072465,0.7328277352994357,0.02506224227296586,0.04116813284993384,0.9450245072178016,1.126951021941397,1.0824384225197643,1.3477667140825036,1.4575718417328165,1.3636729994242947,-0.0577878691261452,-0.11558573467085997,-0.04682257819097324,0.16390559017387685,0.09726211774341587
77,2001-08,NKE,0.054046713742531234,0.03749601784007647,2.1753296068836203,0.0667063941099455,-0.005798024848677932,2.85344250157544,0.7743141531315382,0.04184913538109074,0.04950395210406413,1.0355013410886968,0.5895647432907898,1.2451209103840681,1.3465632884130208,1.2598157743235463,1.3913402848423193,0.0681484177994478,-0.0761857465029957,-0.18296549569285903,-0.11944111162129478,0.07523257392747018
78,2001-05,NKE,0.04663805436337625,0.05137457044673541,3.0047213942312765,0.06288129983826955,-0.023367697594501725,7.861017346952856,0.9155709940821893,0.04270044979553558,0.07832781895009289,0.949531769827905,1.2120766476355413,1.0814719094209588,1.0118019573978123,1.1174338758901323,1.0575881574196655,-0.021195747718425917,-0.19684715986496837,-0.25803595854665695,-0.3437964173774021,-0.2927766278924966
79,2001-02,NKE,0.02806712962962963,0.008632249413342272,1.485491200231289,0.04403834181161525,0.00762655045256453,-0.908749767952534,0.9679737645499606,0.027168245127704334,0.014424377567801787,1.0020218998617891,0.9032900019736474,0.9355785837651122,1.0332527975584944,0.9779155132988326,1.5185012147262194,-0.03271398291299821,-0.07532793706419161,-0.25734700645958686,-0.31392657916514766,-0.3932268795504942
80,2000-11,NKE,0.035501193317422436,0.022516441675320183,1.7018145776151266,0.04996829923872916,-0.0019210799584631379,1.7061871231127734,0.8827831476907794,0.031339855183533036,0.03426315259981217,0.9000712176955478,1.2577550896583556,1.1043997965412005,1.0452521362378144,1.6230611100728836,1.0269599148634267,-0.23628230149480467,0.06884281168242712,-0.011670912367500286,-0.20622068627989332,-0.26669535585429527
81,2000-08,NKE,0.06357856494096276,0.02841221127443063,2.762496194824962,0.08451576040377108,0.005507995477305766,1.6923618530191986,0.958938948424588,0.0609679622068312,0.05106792643896004,1.0041141035839924,0.7291819493627827,0.946443615356842,1.4696318445150438,0.9298805723069646,0.9314224801610801,-0.012090922998137965,-0.09455886017532122,-0.0322257462968486,-0.1051261843721446,-0.2812795534160153
82,2000-05,NKE,0.04017857142857143,0.044715724773774966,2.270177371378209,0.05233210649194631,-0.02320300495134028,-0.5055116444342647,0.8613009412404348,0.03460584138912461,0.07193071317310902,1.0428511219018304,1.0480237825025853,1.5527938703046158,0.9824997043868984,0.9841288641478146,0.7754549696686888,0.07692383161264216,0.056634911558615775,-0.043279281299818284,0.022584062970334662,-0.05444508496793998
83,2000-02,NKE,0.04525593008739076,-0.02222222222222223,2.572228694871235,0.08195559272153818,0.04731741086881275,2.7235833712835875,1.351617574909523,0.06116871047499401,-0.05416594775854645,1.0551509383623554,1.1310967771587472,0.6327302826061251,0.633779462276442,0.49939337377508175,0.5778617710583154,-0.2823340972403815,-0.35602979156278736,-0.3195585957615624,-0.38390035936244404,-0.3414863278244218
84,1999-11,NKE,0.03361344537815126,0.04365893146249326,2.149551304347826,0.048719427905913604,-0.024230976794387488,3.153442505568725,0.8442710180915218,0.028378857750975525,0.06377359977927557,1.0243380452481863,0.430562163472576,1.0016581783726164,0.7892673821745217,0.9132829373650108,1.239847529687729,-0.07187920057077235,0.580498636607536,0.017794036450885287,0.07543671169016775,-0.026255357957949976
85,1999-08,NKE,0.059648076349537726,0.056697054698457226,3.366366238093204,0.083941498144906,-0.02163394109396915,4.218456458255131,0.8693820495657185,0.05185696686941357,0.08385271542784176,1.130711915006866,1.3355153007511242,0.7879608026131593,0.9117710583153348,1.2377950447148511,1.4663077457450504,-0.17802249989960994,-0.0016597932665817217,0.5778753356126534,0.016104708762417097,0.07365170907746976
86,1999-05,NKE,0.028485757121439283,0.062366615853658526,-0.6330468737748363,0.03576232205353433,-0.04426448170731706,-3.359043479958875,0.6769158698105062,0.019282461059069896,0.06643315268035344,0.9483966922080725,1.3038692611190823,1.1571274298056153,1.5708840345990323,1.8608891976380686,1.44222356820782,-0.03846148139119554,0.28093004683951195,0.2788039677728056,1.0211479275532267,0.30155905218889156
87,1999-02,NKE,0.038060159607120926,-0.010770975056689341,3.5482367136748563,0.054210371842409,0.03420256991685563,1.0910855496850034,0.7685361579985789,0.029250608837269418,-0.01344584438487385,1.0019151652716696,1.034902597402597,1.3575722034892244,1.6081972907259467,1.2463826637054984,1.3282650792512372,-0.07367259034272067,-0.13771780360231578,0.10452317422056279,0.10268989409320817,0.7427998742152235
88,1998-11,NKE,0.021322620519159452,0.057561904761904786,0.9316133575776486,0.047539540108640525,-0.04441904761904764,5.7282702606208895,1.0304457881706608,0.021971804506729163,0.09623013510048634,1.0409713798562905,1.0388072986203827,1.184612712747482,0.9180967763644929,0.9784121064333358,0.8812661498708011,-0.013867703412386745,-0.2685713894913506,-0.36930213122249556,-0.1921201494052509,-0.19346106294147503
89,1998-08,NKE,0.048969841743804116,0.06953817153628652,-1.711068806075682,0.10091993635759619,-0.038623939679547595,9.447035143231837,1.2449177320892435,0.06096342432446579,0.137130531910338,0.931134767920872,0.5662190268767721,0.7750185073019719,0.8259341605106504,0.7439276485788113,0.6772524111973653,-0.057725065858469815,-0.155817812051796,-0.38254099525289365,-0.467576093201137,-0.3180022201256565
90,1998-05,NKE,-0.020846106683016553,0.06611080229757273,-1.4026465698986732,-0.00879149957112615,-0.07871039466370205,0.3703385738857725,0.9557259513553071,-0.019923165141680216,0.10453801944928683,0.9860282274951687,1.459290213539092,1.0656960481962274,0.9598837209302326,0.8738532110091743,0.8559824874704764,-0.05519857723649246,0.29731584599265015,0.09517092932995053,-0.19896064889072795,-0.30927802892452116
91,1998-02,NKE,0.02162962962962963,-0.02277403334515786,0.8362593139302195,0.046904907167210054,0.035721887194040444,-6.516650612249261,1.0317857891638829,0.022317144476729906,-0.03925371713441262,1.1212492035934527,0.7885994645167146,0.9007105943152455,0.8199835332862857,0.803214470879659,0.6505085378370813,-0.008474870112832433,-0.06677251787844996,0.2106908004721093,0.02204360887130785,-0.2524480632840138
92,1997-11,NKE,0.04078680937228811,0.02818131153631804,1.3560020744596462,0.06565052875939957,-0.0019877391788965283,-2.421770173249719,0.9406925587055287,0.03836784806985234,0.04127945072479859,0.8989423549003478,1.2814414044281621,0.9103740296400847,0.8917564375828101,0.7222170383502845,0.9264468250643366,0.2464002169925943,0.08516202375082371,0.01270302311890692,0.31379567917681883,0.1090829109643836
93,1997-08,NKE,0.07471943295924395,0.024426666666666666,2.7356677592752554,0.10206110589634641,0.02055111111111111,3.865021810362503,0.8366790611798708,0.06251618502023251,0.033951477556442476,0.9681947089947092,0.6985728028770515,0.9795495132208076,0.7933190258467854,1.0176551559040037,1.0962542711624008,0.0070759782020242135,0.07961155348900384,0.171553458248898,0.0933258840124136,0.4183889941632264
94,1997-05,NKE,0.049429657794676805,0.041652676739414286,1.7741994755219446,0.07160241256661397,-0.012553628054467449,-0.3783239831697054,0.7645404029321723,0.037790970487141605,0.054094382754991774,1.0538329501204726,1.0522484324107153,0.8098814966875058,1.0389011909749237,1.1191412545935144,1.2339351720216092,-0.014988959348594788,0.06273745083858118,0.14734363025078467,0.24505373574055822,0.16191836291119088
95,1997-02,NKE,0.07860696517412935,-0.013791708796764404,3.0873651278946292,0.0754522244031802,0.06171890798786652,-3.2033991975168457,0.5912751787621956,0.046478347385287014,-0.013374781821420148,1.0777553715479897,1.0258117313395272,1.2827817343946377,1.3818580362323514,1.5235996588001137,2.4367894497498863,0.16161555995063748,0.23476197363019446,0.31222779224816843,0.41669628532049097,0.5373450080186581
96,1996-11,NKE,0.0627659574468085,0.023433612304908393,2.569416510235094,0.0756248425860163,0.016602578602126213,-0.2756696729034871,0.7103170069236261,0.0445837270303127,0.02609533401322257,0.9060546502643161,1.5266236666247568,1.077235510283025,1.1877310207563263,1.899613460663938,2.2166357123905547,-0.0520831727188894,-0.22044595738773765,-0.03743631179268614,0.022952480275223675,0.10439131637536381
97,1996-08,NKE,0.08505833646970268,0.014550384093990062,2.84347939078208,0.10087480618854709,0.03651152281970177,1.351703868131199,0.7224706396714801,0.061452150758658085,0.017511143844502565,1.0391775869859918,0.9504711026404276,1.1025732158089279,1.7634151887221463,2.0577076147519233,2.8206946717585013,-0.1129360742276807,-0.07172144421998383,-0.2763566991714159,-0.10647276966462893,-0.050415148978529944
98,1996-05,NKE,0.0571546052631579,0.0581983805668016,2.247403709631172,0.08258790126465779,-0.023026315789473673,16.458672443008705,0.7312800720888197,0.04179602385705014,0.06915888839655777,1.033299296573633,1.2741081091914863,1.599363346975898,1.8662775271955425,2.558283324240771,3.712852995513328,-0.023114289370738006,-0.09301997785652172,-0.1580698949233249,-0.3436699829905111,-0.18958865284462434
99,1996-02,NKE,0.05861767279090114,0.004666483667307164,2.7749139203148054,0.10260749546693075,0.032116387592643424,-0.025331024694351223,1.1040393350959323,0.06471621649293745,0.008210266271492062,1.0466981024263857,1.1791513530201394,1.1668877686388963,1.5995635570103655,2.321456848772763,2.8549172346640703,-0.20000017348382182,-0.37479044461331645,-0.43294742361107164,-0.47361725333834825,-0.5896562018785629
100,1995-11,NKE,0.04458598726114649,-0.00891234242157725,1.6853210514975219,0.08908916501920851,0.0376429199648197,-0.9374072354839955,1.2397503442873568,0.05527549305739807,-0.01714668356066226,0.9686114355196063,0.6975975834485071,1.370794689943626,1.9894431248350488,2.446608244076599,3.1434528773978316,-0.1669663207909815,-0.14294405904523155,-0.4641604362141536,-0.5140042205721613,-0.5488605397575426
101,1995-08,NKE,0.08654303376129338,0.0370448390009028,3.3577617949388223,0.21890433465197462,0.0177249473367439,2.7586782020021845,1.638531146817533,0.14180345635796052,0.09591211800914803,0.9795544456065076,0.8901948983023843,1.4513064133016629,1.7848101265822787,2.293160967472894,2.524793388429752,-0.16647904315714124,-0.270473866129035,-0.3747552928841258,-0.6090910346562071,-0.6454533779564026
102,1995-05,NKE,0.05750636132315521,0.03690741329939548,2.865990037498275,0.19761182348609554,-0.0009545020680878161,-1.2376875082968264,2.2219644065048265,0.1277770880076567,0.13116940007865638,1.0627136783038789,0.1515192534222758,1.2297955209347615,1.5800667222685572,1.7396694214876034,2.134647887323944,-0.06101124349794995,-0.31097437985097287,-0.49733780319463616,-0.5691903779345879,-0.7306537077321786
103,1995-02,NKE,0.049504950495049514,-0.015693553830577123,2.6587931074882807,0.187553204967266,0.04775565305433682,-1.9698985654868042,2.649296997514023,0.13115331670861502,-0.06419609712579578,1.3387129958172819,7.538202669841332,1.2848206839032525,1.4146005509641872,1.735774647887324,2.2571428571428567,-0.04166662804835208,-0.18676553819398023,-0.43966062062754685,-0.5912177789107583,-0.6496507688587798
104,1994-11,NKE,0.045649838882921595,0.026898734177215174,2.496543857848943,0.9736419905677296,0.0067246835443038055,1.845520267963341,3.306986372800729,0.15096339510637055,0.12077071608509646,0.9464111960150685,1.4864405977001247,1.101010101010101,1.350985915492958,1.7567765567765568,2.1899543378995436,-0.14405307992143634,-0.22174403213679805,-0.3670954268274459,-0.5639125339746256,-0.6818627968809228
105,1994-08,NKE,0.05767138193688792,0.04609344326658814,2.4990620257738163,2.3905325443786984,-0.004475853945818613,2.9986069063620766,3.553235706345754,0.2049200135324537,0.2269585810255667,1.0439850866893556,0.633277164428364,1.2270422535211267,1.5956043956043955,1.989041095890411,2.0317164179104474,0.08649786614523114,-0.09178782502990712,-0.29317845474350657,-0.42518836105043634,-0.6039400540038982
106,1994-05,NKE,0.03963239517518667,0.10235888795282223,2.0359105205550305,3.101329993439494,-0.07329401853411963,15.603864568505635,4.126399118311045,0.1635390805074452,0.5759419791783938,0.980288914217751,4.140357169668103,1.3003663003663002,1.6210045662100456,1.6557835820895521,1.2984637893196782,-0.012552371646733174,-0.1848451068306134,-0.2596664015371176,-0.42383095878662236,-0.5314394798595483
107,1994-02,NKE,0.03643724696356274,0.007957894736842093,1.946595252256445,1.3057111462492965,0.018568421052631588,1.4740483295727471,5.2668052668052665,0.19190788421557653,0.05757236526467289,1.2769376344086023,0.40539278326821415,1.2465753424657535,1.273320895522388,0.9985369422092174,1.1262376237623763,-0.023584549225584395,-0.23109451719576002,-0.3732229333073541,-0.4307534370376971,-0.5569804651889718
108,1993-11,NKE,0.030267753201396973,0.05721484196060468,1.1602281209011793,-2.9483818283405685,-0.03339441136051307,3.121833116778342,6.480585591447739,0.1961527652824694,0.4711438535342391,0.8712631740839535,1.0471666320243938,1.021455223880597,0.801024140453548,0.9034653465346535,0.8239277652370204,0.03513525111087756,-0.19822855842378917,-0.3835135426161921,-0.49746804769092845,-0.5435943626014111
109,1993-08,NKE,0.06658878504672898,0.08371579876434243,2.411494956144197,10.781405575838033,-0.03340688437775814,6.289126234579588,6.502503767805921,0.43299382565997374,0.7205169186640089,0.9842381330875672,-6.635935703014261,0.7841989758595466,0.8844884488448845,0.8066215199398045,1.0297790585975024,0.1972227143232359,-0.00866610277641755,-0.2051767921396851,-0.3888560776161497,-0.5018230412380726
110,1993-05,NKE,0.04686548995739501,0.06806953339432753,1.9510768366321551,0.857980734918391,-0.032845379688929546,-2.091505602046391,4.883795104136602,0.22888145040688884,0.4423059716953903,0.9064892820081422,-0.041145292325048606,1.1278877887788779,1.0285929270127916,1.3131604226705091,1.759330759330759,0.3151923895333957,0.22440445250417307,0.21379363767886872,-0.02681492534218055,-0.25171266031234896
111,1993-02,NKE,0.05636478784040533,-0.018206896551724135,2.237618190640251,0.6410666070201786,0.0591264367816092,-3.59988248591259,5.27451530578159,0.2972969361713499,-0.13228043452118488,1.007666096029999,3.5066518353726375,0.9119638826185102,1.1642651296829971,1.5598455598455598,1.3526785714285714,-0.05872724040696797,-0.09548267171956848,0.10749504411373922,0.09789737823707645,-0.11973723634811684
112,1992-11,NKE,0.05033112582781457,0.04541947926711667,1.8324991573228324,1.2822765455544631,-0.008775313404050127,0.49573286721929377,4.603697836444947,0.2317092950793483,0.28719757363782367,0.8647071719341283,0.9064999863355445,1.276657060518732,1.7104247104247101,1.4832589285714284,2.004524886877828,0.03915680765795093,0.10553498287214835,-2.4450971931710974e-05,0.2243745146252718,0.21376395924470293
113,1992-08,NKE,0.08384458077709611,0.02892523364485981,2.801157214040434,2.699352636490133,0.028551401869158877,-1.7482419824661872,5.730873940696588,0.48050272304409025,0.24181397200348934,1.0887841829771796,0.5674086883999314,1.3397683397683398,1.1618303571428572,1.5701357466063348,2.0411764705882356,-0.08962249860196858,-0.2163828209551748,-0.133683795386358,-0.21640198115682485,-0.04055909675496738
114,1992-05,NKE,0.053303303303303295,0.11649759743726644,2.051181568641238,1.096225151993836,-0.07859049652963163,24.57283618386956,6.977149834292691,0.37190513380989576,1.1429535239059052,0.9513551992996736,1.3670817499450392,0.8671875000000001,1.1719457013574661,1.523529411764706,2.1583333333333337,-0.06639800789392447,-0.26673078167251707,-0.42539764365381383,-0.364756993818523,-0.4254116932399007
115,1992-02,NKE,0.06514913657770802,0.00574398249452954,2.491889800543544,0.4904345223141026,0.03966083150984683,-0.2644170349080561,5.7823302155347704,0.3767138209492826,0.047656567710451396,0.9655809448649424,1.1150158244193795,1.3514328808446456,1.7568627450980394,2.488888888888889,2.251256281407035,0.08348836892882128,0.1736035050357072,-0.13943267523607283,-0.32564466059033936,-0.25447658139599916
116,1991-11,NKE,0.05183946488294314,0.06288659793814433,1.6007844734990189,0.5026305687899383,-0.027376861397479954,,7.362945178071229,0.38169113799365906,0.6759626927694156,0.8779365208214952,1.3218049876173479,1.3,1.8416666666666668,1.6658291457286432,2.662650602409639,-0.18652810174068868,-0.2602728652783616,-0.1318536419206643,-0.3634149986173144,-0.5011610569942537
117,1991-08,NKE,0.10017574692442881,0.05487873660462491,3.0701911730981712,0.7404225495404858,0.009419063733784545,,9.148718938169774,0.9164797530328245,0.7822235085095949,0.9062522195065906,0.25210186586978817,1.4166666666666667,1.2814070351758793,2.0481927710843375,2.628865979381443,-0.07852145537458721,-0.2305166005612217,-0.4307922497172866,-0.33197578917471793,-0.5101584091043118
118,1991-05,NKE,0.057115198451113264,0.08852459016393441,1.7055289530183304,0.33272898200376033,-0.05398126463700233,,11.760018214936249,0.6716757741347907,1.7213114754098362,0.9240761988589031,1.4413552170631154,0.9045226130653266,1.4457831325301205,1.8556701030927834,1.8556701030927834,0.10034565443903332,-0.2931156391024131,-0.4560642189664167,-0.5976359432234508,-0.5277841326666556
119,1991-02,NKE,0.07114228456913828,-0.038404133180252584,2.3401623431774605,0.3061178802042473,0.07916188289322618,,10.293668671766055,0.7323151059072043,-0.6900264871153798,1.18419049855617,0.7766813820294033,1.5983935742971889,2.0515463917525776,2.0515463917525776,3.585585585585586,0.040650374062119576,0.10499161524218459,-0.21889870826233615,-0.39895552272768153,-0.555391090987083
120,1990-11,NKE,0.06203208556149732,-0.03419972640218877,,0.526189979398067,0.07387140902872774,,15.465486327517652,0.959356371118742,-0.8270313544127085,1.115890987765715,1.4040600107631571,1.2835051546391751,1.2835051546391751,2.243243243243243,,-0.15217334916691372,-0.3748535062680285,-0.3092183661281207,-0.5116972662206857,-0.6242591524562444
121,1990-08,NKE,0.1132502831257078,-0.017750573833205812,,2.304638511916634,0.09426166794185156,,18.70754784937352,2.1186350905292777,-0.4915233410027923,1.1431868104746157,0.8718319625095636,1.0,1.7477477477477477,,,0.04800034022472732,-0.2202822732148778,-0.5125621969996176,-0.46138531473250566,-0.6192617024346323
122,1990-05,NKE,0.08535031847133756,0.0848401826484018,,7.732288160865677,-0.023652968036529658,,16.67240112310391,1.4229947455388052,1.9730777889635072,0.9071444481568104,1.5590941751848506,1.7477477477477477,,,,0.02280084440664032,-0.00043055332241725974,-0.22061798327269289,-0.5127720649651712,-0.46161721707475034
123,1990-02,NKE,0.0871369294605809,-0.049191246431969544,,2.3586807954988878,0.10913415794481444,,26.904227647722077,2.3443517867309684,-1.9238569424443033,,,,,,,-0.16236206763459482,-0.4287669104320556,-0.4290128567366437,-0.554791202631165,-0.721679281346245
